zipcode,Build_Small,Build_Medium,Build_Large,New_Total,U5_From_New,New_U5,Existing_Total,Expand_Total,Need_Total,Meet_Total_Demand,Existing_U5,Expand_U5,Need_U5,Meet_U5_Demand,Desert_Eliminated,Cost_Build,Cost_ExpandBase,Cost_U5_Equip
10001,0,0,2,800,400,400,609,96,698,TRUE,0,96,496,TRUE,TRUE,230000,78237.0777,49600
10005,0,0,2,800,323,323,39,0,413,TRUE,0,0,323,TRUE,TRUE,230000,0,32300
10007,0,0,2,800,400,400,284,4,410,TRUE,0,4,404,TRUE,TRUE,230000,1244.444444,40400
10010,0,0,5,2000,948,948,234,0,1195,TRUE,0,0,948,TRUE,TRUE,575000,0,94800
10012,1,0,2,900,409,409,24,0,340,TRUE,0,0,409,TRUE,TRUE,295000,0,40900
10013,0,0,4,1600,800,800,435,33,1061,TRUE,0,33,833,TRUE,TRUE,460000,10017.28873,83300
10016,0,0,6,2400,1199,1199,823,0,1302,TRUE,0,0,1199,TRUE,TRUE,690000,0,119900
10017,0,0,1,400,129,129,107,0,255,TRUE,0,0,129,TRUE,TRUE,115000,0,12900
10018,0,0,1,400,162,162,0,0,268,TRUE,0,0,162,TRUE,TRUE,115000,,16200
10019,0,1,3,1400,700,700,591,33,1047,TRUE,0,33,733,TRUE,TRUE,440000,10243.53677,73300
10021,0,0,6,2400,1192,1192,460,0,1446,TRUE,0,0,1192,TRUE,TRUE,690000,0,119200
10022,1,0,4,1700,819,819,16,0,935,TRUE,0,0,819,TRUE,TRUE,525000,0,81900
10023,0,0,11,4400,2200,2200,1099,166,2434,TRUE,0,166,2366,TRUE,TRUE,1265000,96621.90493,236600
10024,0,0,14,5600,2800,2800,1243,5,2952,TRUE,9,5,2814,TRUE,TRUE,1610000,1185.185185,280500
10025,0,0,14,5600,2800,2800,2553,146,3392,TRUE,54.6,146,3000,TRUE,TRUE,1610000,40675.85802,294600
10026,0,0,7,2800,1400,1400,1706,72,1828,TRUE,10.8,72,1482,TRUE,TRUE,805000,21766.74021,147200
10028,0,1,5,2200,1100,1100,348,25,1633,TRUE,21.6,25,1146,TRUE,TRUE,670000,6582.278481,112500
10029,0,0,12,4800,2400,2400,3358,244,4837,TRUE,0,244,2644,TRUE,TRUE,1380000,83335.9842,264400
10033,0,0,10,4000,2000,2000,2893,138,3623,TRUE,0,138,2138,TRUE,TRUE,1150000,40789.59783,213800
10037,1,0,3,1300,650,650,586,52,1283,TRUE,12.6,52,714,TRUE,TRUE,410000,24878.09955,70200
10039,0,0,6,2400,1200,1200,1423,66,2316,TRUE,0,66,1266,TRUE,TRUE,690000,18675.30864,126600
10044,0,0,3,1200,600,600,489,26,586,TRUE,0,26,626,TRUE,TRUE,345000,8567.781668,62600
10065,0,0,7,2800,1400,1400,845,63,1367,TRUE,24,63,1487,TRUE,TRUE,805000,16244.78879,146300
10069,0,1,2,1000,460,460,16,0,429,TRUE,0,0,460,TRUE,TRUE,325000,0,46000
10075,0,0,4,1600,800,800,235,29,841,TRUE,0,29,829,TRUE,TRUE,460000,11568.05972,82900
10128,1,0,9,3700,1850,1850,301,11,1887,TRUE,0,11,1861,TRUE,TRUE,1100000,3382.795699,186100
10199,0,0,0,0,0,0,0,0,0,TRUE,0,0,0,TRUE,TRUE,0,,0
10282,1,0,1,500,250,250,279,29,446,TRUE,0,29,279,TRUE,TRUE,180000,9216.133829,27900
10301,0,0,9,3600,1800,1800,1905,48,2045,TRUE,6,48,1854,TRUE,TRUE,1035000,12629.85685,184800
10302,0,0,4,1600,800,800,744,92,1662,TRUE,0,92,892,TRUE,TRUE,460000,65365.0618,89200
10303,0,0,4,1600,800,800,1629,42,2153,TRUE,0,42,842,TRUE,TRUE,460000,12284.81675,84200
10305,0,0,5,2000,1000,1000,786,102,1754,TRUE,0,102,1102,TRUE,TRUE,575000,77577.88306,110200
10306,0,1,8,3400,1700,1700,578,38,2643,TRUE,0,38,1738,TRUE,TRUE,1015000,15072.31158,173800
10307,0,1,3,1400,700,700,259,32,736,TRUE,0,32,732,TRUE,TRUE,440000,17012.98051,73200
10308,0,1,3,1400,700,700,447,38,1297,TRUE,0,38,738,TRUE,TRUE,440000,13412.8655,73800
10309,1,0,6,2500,1250,1250,297,41,1792,TRUE,0,41,1291,TRUE,TRUE,755000,25381.10653,129100
10310,0,0,7,2800,1400,1400,1168,45,1587,TRUE,0,45,1445,TRUE,TRUE,805000,13270.54196,144500
10312,0,0,12,4800,2400,2400,1140,42,3363,TRUE,4.8,42,2446,TRUE,TRUE,1380000,10597.04433,244200
10454,0,0,8,3200,1600,1600,3163,314,3969,TRUE,0,314,1914,TRUE,TRUE,920000,146975.297,191400
10457,0,0,21,8400,4195,4195,6559,329,8634,TRUE,0,329,4524,TRUE,TRUE,2415000,99270.57987,452400
10461,0,0,9,3600,1800,1800,1462,34,3960,TRUE,0,34,1834,TRUE,TRUE,1035000,9709.090909,183400
10462,0,0,18,7200,3600,3600,3425,121,6682,TRUE,0,121,3721,TRUE,TRUE,2070000,35209.03294,372100
10464,1,0,0,100,50,50,114,0,173,TRUE,0,0,50,TRUE,TRUE,65000,0,5000
10465,0,0,10,4000,2000,2000,1888,179,2403,TRUE,0,179,2179,TRUE,TRUE,1150000,113423.3198,217900
10470,0,0,4,1600,800,800,632,74,1078,TRUE,0,74,874,TRUE,TRUE,460000,55577.29483,87400
10471,1,0,3,1300,650,650,284,27,837,TRUE,0,27,677,TRUE,TRUE,410000,20100,67700
10472,0,0,17,6800,3400,3400,3593,148,6196,TRUE,0,148,3548,TRUE,TRUE,1955000,47047.03784,354800
10474,0,0,3,1200,600,600,1194,68,1301,TRUE,0,68,668,TRUE,TRUE,345000,18640.4759,66800
10475,0,0,10,4000,2000,2000,1808,77,3229,TRUE,0,77,2077,TRUE,TRUE,1150000,21217.77778,207700
10501,1,0,0,100,11,11,0,0,43,TRUE,0,0,11,TRUE,TRUE,65000,,1100
10502,0,0,1,400,200,200,273,15,336,TRUE,0,15,215,TRUE,TRUE,115000,4840.490798,21500
10503,0,0,0,0,0,0,0,0,0,TRUE,0,0,0,TRUE,TRUE,0,,0
10505,1,0,0,100,30,30,0,0,82,TRUE,0,0,30,TRUE,TRUE,65000,,3000
10507,0,0,1,400,162,162,220,0,354,TRUE,122.6,0,284,TRUE,TRUE,115000,0,16200
10511,0,1,0,200,80,80,72,0,101,TRUE,0,0,80,TRUE,TRUE,95000,0,8000
10514,0,0,1,400,194,194,585,0,808,TRUE,294,0,488,TRUE,TRUE,115000,0,19400
10516,1,0,0,100,50,50,163,25,239,TRUE,114.6,25,189,TRUE,TRUE,65000,24550.32376,7500
10518,1,0,0,100,8,8,0,0,26,TRUE,0,0,8,TRUE,TRUE,65000,,800
10519,1,0,0,100,0,0,0,0,8,TRUE,0,0,0,TRUE,TRUE,65000,,0
10524,0,1,0,200,88,88,16,0,169,TRUE,0,0,88,TRUE,TRUE,95000,0,8800
10526,0,1,0,200,54,54,0,0,83,TRUE,0,0,54,TRUE,TRUE,95000,,5400
10528,0,0,1,400,188,188,690,0,793,TRUE,336.2,0,524,TRUE,TRUE,115000,0,18800
10530,0,0,2,800,400,400,405,53,583,TRUE,125.6,53,578,TRUE,TRUE,230000,38417.77778,45300
10533,0,1,1,600,300,300,157,7,576,TRUE,52.8,7,359,TRUE,TRUE,210000,2990.909091,30700
10536,0,0,1,400,170,170,315,0,636,TRUE,174.4,0,344,TRUE,TRUE,115000,0,17000
10537,0,1,0,200,67,67,0,0,147,TRUE,0,0,67,TRUE,TRUE,95000,,6700
10538,0,0,3,1200,555,555,455,0,1272,TRUE,254.4,0,809,TRUE,TRUE,345000,0,55500
10542,0,0,0,0,0,0,0,0,0,TRUE,0,0,0,TRUE,TRUE,0,,0
10543,0,0,2,800,400,400,867,67,1237,TRUE,295.6,67,762,TRUE,TRUE,230000,26786.7851,46700
10545,1,0,0,100,0,0,0,0,3,TRUE,0,0,0,TRUE,TRUE,65000,,0
10546,1,0,0,100,32,32,0,0,63,TRUE,0,0,32,TRUE,TRUE,65000,,3200
10548,0,0,1,400,155,155,121,0,200,TRUE,47.8,0,202,TRUE,TRUE,115000,0,15500
10549,0,0,2,800,400,400,734,94,883,TRUE,436,94,930,TRUE,TRUE,230000,48281.82731,49400
10553,0,1,1,600,292,292,156,0,607,TRUE,0,0,292,TRUE,TRUE,210000,0,29200
10560,1,0,1,500,250,250,129,6,289,TRUE,0,6,256,TRUE,TRUE,180000,2130.232558,25600
10567,0,0,3,1200,600,600,303,18,1000,TRUE,139.8,18,757,TRUE,TRUE,345000,8116.326986,61800
10570,0,1,1,600,300,300,316,28,638,TRUE,112.2,28,440,TRUE,TRUE,210000,9103.637768,32800
10573,0,0,5,2000,1000,1000,1573,137,1976,TRUE,362.2,137,1499,TRUE,TRUE,575000,61699.08164,113700
10576,0,1,0,200,66,66,40,0,154,TRUE,0,0,66,TRUE,TRUE,95000,0,6600
10578,0,1,0,200,19,19,0,0,129,TRUE,0,0,19,TRUE,TRUE,95000,,1900
10580,0,0,2,800,360,360,410,0,1143,TRUE,174,0,534,TRUE,TRUE,230000,0,36000
10583,0,0,2,800,400,400,1776,136,2548,TRUE,918.2,136,1454,TRUE,TRUE,230000,44450.67614,53600
10588,1,0,1,500,215,215,41,0,189,TRUE,0,0,215,TRUE,TRUE,180000,0,21500
10589,0,1,0,200,73,73,210,0,352,TRUE,49.4,0,122,TRUE,TRUE,95000,0,7300
10590,0,1,0,200,98,98,245,0,347,TRUE,118.2,0,216,TRUE,TRUE,95000,0,9800
10594,1,0,1,500,240,240,32,0,318,TRUE,0,0,240,TRUE,TRUE,180000,0,24000
10596,1,0,0,100,10,10,0,0,19,TRUE,0,0,10,TRUE,TRUE,65000,,1000
10597,1,0,0,100,6,6,0,0,59,TRUE,0,0,6,TRUE,TRUE,65000,,600
10601,1,0,0,100,50,50,284,26,339,TRUE,144.2,26,220,TRUE,TRUE,65000,10335.38064,7600
10603,0,1,3,1400,700,700,338,36,1019,TRUE,34.8,36,770,TRUE,TRUE,440000,18388.95645,73600
10604,0,1,0,200,100,100,727,32,767,TRUE,340.4,32,472,TRUE,TRUE,95000,11152.56497,13200
10607,1,0,0,100,50,50,345,35,410,TRUE,138.4,35,223,TRUE,TRUE,65000,16280.94421,8500
10707,1,0,1,500,250,250,357,16,494,TRUE,211.2,16,477,TRUE,TRUE,180000,5298.427888,26600
10708,0,1,3,1400,689,689,193,0,968,TRUE,67,0,756,TRUE,TRUE,440000,0,68900
10710,0,0,4,1600,800,800,757,8,1107,TRUE,0,8,808,TRUE,TRUE,460000,2327.272727,80800
10803,0,1,0,200,45,45,660,42,902,TRUE,367.4,26,438,TRUE,TRUE,95000,14350.82062,7100
10910,0,0,0,0,0,0,0,0,0,TRUE,0,0,0,TRUE,TRUE,0,,0
10911,0,0,0,0,0,0,0,0,0,TRUE,0,0,0,TRUE,TRUE,0,,0
10915,0,0,0,0,0,0,0,0,0,TRUE,0,0,0,TRUE,TRUE,0,,0
10916,0,0,1,400,103,103,8,0,219,TRUE,0,0,103,TRUE,TRUE,115000,0,10300
10918,1,0,2,900,445,445,166,0,603,TRUE,67.2,0,512,TRUE,TRUE,295000,0,44500
10921,1,0,0,100,41,41,182,0,209,TRUE,107.4,0,148,TRUE,TRUE,65000,0,4100
10922,0,0,1,400,118,118,0,0,64,TRUE,0,0,118,TRUE,TRUE,115000,,11800
10923,0,1,2,1000,487,487,171,0,603,TRUE,76.6,0,563,TRUE,TRUE,325000,0,48700
10924,0,0,1,400,200,200,435,61,642,TRUE,226.6,61,487,TRUE,TRUE,115000,43583.59101,26100
10926,0,0,1,400,167,167,40,0,202,TRUE,0,0,167,TRUE,TRUE,115000,0,16700
10927,0,1,2,1000,500,500,619,26,1134,TRUE,179.2,26,705,TRUE,TRUE,325000,7063.799283,52600
10928,0,0,1,400,148,148,101,0,263,TRUE,0,0,148,TRUE,TRUE,115000,0,14800
10930,0,0,1,400,172,172,92,0,437,TRUE,44.8,0,216,TRUE,TRUE,115000,0,17200
10931,0,1,0,200,89,89,0,0,91,TRUE,0,0,89,TRUE,TRUE,95000,,8900
10932,0,0,0,0,0,0,0,0,0,TRUE,0,0,0,TRUE,TRUE,0,,0
10933,1,0,0,100,28,28,0,0,43,TRUE,0,0,28,TRUE,TRUE,65000,,2800
10953,0,0,0,0,0,0,0,0,0,TRUE,0,0,0,TRUE,TRUE,0,,0
10958,0,1,0,200,62,62,0,0,119,TRUE,0,0,62,TRUE,TRUE,95000,,6200
10960,0,0,1,400,200,200,460,26,590,TRUE,186.4,26,412,TRUE,TRUE,115000,10597.52202,22600
10962,0,0,1,400,120,120,16,0,207,TRUE,0,0,120,TRUE,TRUE,115000,0,12000
10969,0,1,0,200,68,68,0,0,128,TRUE,0,0,68,TRUE,TRUE,95000,,6800
10974,0,0,1,400,139,139,48,0,152,TRUE,0,0,139,TRUE,TRUE,115000,0,13900
10975,1,0,0,100,0,0,0,0,38,TRUE,0,0,0,TRUE,TRUE,65000,,0
10976,1,0,0,100,17,17,0,0,60,TRUE,0,0,17,TRUE,TRUE,65000,,1700
10979,0,0,0,0,0,0,0,0,0,TRUE,0,0,0,TRUE,TRUE,0,,0
10984,0,0,1,400,199,199,143,0,190,TRUE,0,0,199,TRUE,TRUE,115000,0,19900
10985,1,0,0,100,4,4,0,0,3,TRUE,0,0,4,TRUE,TRUE,65000,,400
10986,1,0,0,100,30,30,0,0,78,TRUE,0,0,30,TRUE,TRUE,65000,,3000
10987,0,1,0,200,100,100,40,4,138,TRUE,0,4,104,TRUE,TRUE,95000,2800,10400
10988,1,0,0,100,44,44,0,0,48,TRUE,0,0,44,TRUE,TRUE,65000,,4400
10989,0,1,0,200,100,100,261,18,295,TRUE,72.4,18,190,TRUE,TRUE,95000,9075,11800
10992,0,0,1,400,200,200,360,36,553,TRUE,154.6,36,390,TRUE,TRUE,115000,18572.75347,23600
10996,0,0,2,800,356,356,0,0,464,TRUE,0,0,356,TRUE,TRUE,230000,,35600
10998,0,0,1,400,147,147,43,0,214,TRUE,25.8,0,172,TRUE,TRUE,115000,0,14700
11001,0,0,3,1200,600,600,537,5,1286,TRUE,143.2,5,748,TRUE,TRUE,345000,1487.804878,60500
11004,0,0,3,1200,596,596,427,0,660,TRUE,0,0,596,TRUE,TRUE,345000,0,59600
11005,0,0,0,0,0,0,0,0,0,TRUE,0,0,0,TRUE,TRUE,0,,0
11010,0,0,5,2000,972,972,282,0,1293,TRUE,0,0,972,TRUE,TRUE,575000,0,97200
11020,0,1,0,200,77,77,142,0,257,TRUE,45.6,0,122,TRUE,TRUE,95000,0,7700
11021,1,0,2,900,450,450,202,14,890,TRUE,161.2,14,625,TRUE,TRUE,295000,6731.470302,46400
11023,0,1,1,600,300,300,355,31,809,TRUE,171.4,31,502,TRUE,TRUE,210000,13100.73632,33100
11024,0,1,1,600,300,300,552,45,732,TRUE,225.2,45,570,TRUE,TRUE,210000,15595.54967,34500
11030,0,0,1,400,200,200,689,72,956,TRUE,207,72,479,TRUE,TRUE,115000,30157.86322,27200
11040,0,0,4,1600,790,790,1220,0,1833,TRUE,508,0,1298,TRUE,TRUE,460000,0,79000
11050,0,0,2,800,400,400,1928,204,1932,TRUE,682.4,204,1286,TRUE,TRUE,230000,86990.06071,60400
11096,1,0,2,900,450,450,349,16,1010,TRUE,129.8,16,595,TRUE,TRUE,295000,5983.068783,46600
11101,0,0,6,2400,1200,1200,1616,205,2058,TRUE,3.6,205,1408,TRUE,TRUE,690000,95994.48575,140500
11103,0,0,5,2000,1000,1000,524,2,1031,TRUE,0,2,1002,TRUE,TRUE,575000,587.7934272,100200
11105,0,0,7,2800,1389,1389,830,0,1563,TRUE,13.2,0,1402,TRUE,TRUE,805000,0,138900
11109,0,0,3,1200,586,586,89,0,471,TRUE,0,0,586,TRUE,TRUE,345000,0,58600
11201,0,0,16,6400,3200,3200,1957,100,3321,TRUE,0,100,3300,TRUE,TRUE,1840000,29597.0696,330000
11203,0,0,12,4800,2400,2400,3405,292,5175,TRUE,0,292,2692,TRUE,TRUE,1380000,124068.9109,269200
11204,0,0,23,9200,4600,4600,3192,206,9012,TRUE,0,206,4806,TRUE,TRUE,2645000,59663.83404,480600
11205,0,0,16,6400,3168,3168,918,0,3846,TRUE,0,0,3168,TRUE,TRUE,1840000,0,316800
11206,0,0,23,9200,4600,4600,3393,202,8969,TRUE,0,202,4802,TRUE,TRUE,2645000,63450.14819,480200
11209,0,0,13,5200,2600,2600,1423,191,3346,TRUE,0,191,2791,TRUE,TRUE,1495000,105692.7378,279100
11212,0,0,18,7200,3600,3600,5430,326,7324,TRUE,0,326,3926,TRUE,TRUE,2070000,102473.6727,392600
11213,0,0,15,6000,3000,3000,2191,215,5915,TRUE,9,215,3224,TRUE,TRUE,1725000,101121.59,321500
11214,0,0,16,6400,3200,3200,2498,287,6978,TRUE,0,287,3487,TRUE,TRUE,1840000,124978.7211,348700
11215,0,0,18,7200,3600,3600,3125,208,4209,TRUE,0,208,3808,TRUE,TRUE,2070000,72154.73238,380800
11216,0,0,10,4000,2000,2000,1778,72,2473,TRUE,0,72,2072,TRUE,TRUE,1150000,22222.57012,207200
11217,0,0,12,4800,2400,2400,1183,63,2089,TRUE,0,63,2463,TRUE,TRUE,1380000,19235.57858,246300
11218,0,0,15,6000,3000,3000,3087,288,4597,TRUE,0,288,3288,TRUE,TRUE,1725000,117865.1592,328800
11220,0,0,18,7200,3600,3600,2411,255,8703,TRUE,0,255,3855,TRUE,TRUE,2070000,114852.8167,385500
11221,0,0,14,5600,2800,2800,3111,278,5779,TRUE,0,278,3078,TRUE,TRUE,1610000,133450.6682,307800
11222,0,0,8,3200,1600,1600,672,29,1456,TRUE,0,29,1629,TRUE,TRUE,920000,8466.666667,162900
11223,0,0,22,8800,4400,4400,1448,28,8004,TRUE,0,28,4428,TRUE,TRUE,2530000,7130.054645,442800
11228,0,0,7,2800,1400,1400,1293,120,1998,TRUE,0,120,1520,TRUE,TRUE,805000,39375.63726,152000
11229,0,0,15,6000,3000,3000,1840,186,4358,TRUE,0,186,3186,TRUE,TRUE,1725000,86844.19625,318600
11230,0,0,26,10400,5200,5200,824,79,6033,TRUE,0,79,5279,TRUE,TRUE,2990000,55965.71429,527900
11231,0,0,10,4000,2000,2000,1462,112,2359,TRUE,0,112,2112,TRUE,TRUE,1150000,46375.40624,211200
11238,0,0,14,5600,2800,2800,2010,168,2652,TRUE,0,168,2968,TRUE,TRUE,1610000,57224.76299,296800
11239,1,0,1,500,250,250,802,75,984,TRUE,0,75,325,TRUE,TRUE,180000,31533.35451,32500
11355,0,0,11,4400,2200,2200,3453,343,4700,TRUE,0,343,2543,TRUE,TRUE,1265000,119422.9763,254300
11359,0,0,0,0,0,0,0,0,0,TRUE,0,0,0,TRUE,TRUE,0,,0
11360,0,0,3,1200,573,573,485,0,646,TRUE,0,0,573,TRUE,TRUE,345000,0,57300
11362,0,0,2,800,400,400,349,18,621,TRUE,0,18,418,TRUE,TRUE,230000,6076.190476,41800
11363,0,0,1,400,200,200,226,14,390,TRUE,9,14,223,TRUE,TRUE,115000,4717.808219,21400
11365,0,0,9,3600,1800,1800,1326,136,3582,TRUE,0,136,1936,TRUE,TRUE,1035000,55533.76766,193600
11366,0,0,3,1200,555,555,587,0,627,TRUE,0,0,555,TRUE,TRUE,345000,0,55500
11371,0,0,0,0,0,0,0,0,0,TRUE,0,0,0,TRUE,TRUE,0,,0
11372,0,0,12,4800,2400,2400,1767,129,4842,TRUE,9.6,129,2538,TRUE,TRUE,1380000,39150.53804,252900
11377,0,0,16,6400,3200,3200,3046,271,6156,TRUE,0,271,3471,TRUE,TRUE,1840000,77611.44855,347100
11411,0,0,3,1200,600,600,745,15,802,TRUE,0,15,615,TRUE,TRUE,345000,4875,61500
11414,0,0,7,2800,1400,1400,828,43,1717,TRUE,0,43,1443,TRUE,TRUE,805000,11915.78947,144300
11415,0,0,4,1600,784,784,63,0,928,TRUE,0,0,784,TRUE,TRUE,460000,0,78400
11417,0,1,6,2600,1300,1300,838,49,2755,TRUE,0,49,1349,TRUE,TRUE,785000,13757.44681,134900
11419,0,0,6,2400,1200,1200,1090,105,2814,TRUE,0,105,1305,TRUE,TRUE,690000,49014.21095,130500
11424,0,0,0,0,0,0,0,0,0,TRUE,0,0,0,TRUE,TRUE,0,,0
11426,0,0,4,1600,800,800,711,30,871,TRUE,0,30,830,TRUE,TRUE,460000,7500,83000
11428,0,0,3,1200,600,600,545,50,1103,TRUE,0,50,650,TRUE,TRUE,345000,21537.45838,65000
11430,1,0,0,100,0,0,0,0,23,TRUE,0,0,0,TRUE,TRUE,65000,,0
11432,0,0,13,5200,2600,2600,1639,186,4880,TRUE,0,186,2786,TRUE,TRUE,1495000,81648.22679,278600
11433,0,0,9,3600,1800,1800,2105,92,3404,TRUE,0,92,1892,TRUE,TRUE,1035000,23424.46256,189200
11435,0,0,16,6400,3200,3200,1759,25,5125,TRUE,0,25,3225,TRUE,TRUE,1840000,6577.287066,322500
11436,0,0,3,1200,574,574,256,34,1490,TRUE,0,34,608,TRUE,TRUE,345000,59097.06881,60800
11439,0,0,0,0,0,0,0,0,0,TRUE,0,0,0,TRUE,TRUE,0,,0
11451,0,0,0,0,0,0,0,0,0,TRUE,0,0,0,TRUE,TRUE,0,,0
11501,0,0,1,400,180,180,933,0,987,TRUE,511.8,0,691,TRUE,TRUE,115000,0,18000
11507,0,0,1,400,170,170,213,0,288,TRUE,0,0,170,TRUE,TRUE,115000,0,17000
11509,0,1,0,200,27,27,0,0,103,TRUE,0,0,27,TRUE,TRUE,95000,,2700
11514,1,0,0,100,50,50,276,36,334,TRUE,105.2,36,191,TRUE,TRUE,65000,19707.51624,8600
11518,0,0,1,400,150,150,472,0,489,TRUE,221.6,0,371,TRUE,TRUE,115000,0,15000
11520,0,0,5,2000,1000,1000,2809,139,3303,TRUE,459.2,139,1598,TRUE,TRUE,575000,97842.40103,113900
11530,1,0,3,1300,650,650,671,69,1561,TRUE,180.2,69,899,TRUE,TRUE,410000,37037.46759,71900
11547,1,0,0,100,0,0,0,0,21,TRUE,0,0,0,TRUE,TRUE,65000,,0
11549,1,0,0,100,2,2,0,0,1,TRUE,0,0,2,TRUE,TRUE,65000,,200
11554,0,0,6,2400,1165,1165,962,0,1843,TRUE,297.2,0,1462,TRUE,TRUE,690000,0,116500
11557,0,0,1,400,179,179,390,0,448,TRUE,120.2,0,299,TRUE,TRUE,115000,0,17900
11560,0,0,1,400,189,189,117,0,359,TRUE,53,0,242,TRUE,TRUE,115000,0,18900
11561,0,0,4,1600,800,800,654,33,1306,TRUE,268.2,33,1101,TRUE,TRUE,460000,11595.48551,83300
11565,0,1,1,600,300,300,323,0,440,TRUE,130,0,430,TRUE,TRUE,210000,0,30000
11569,1,0,0,100,0,0,0,0,16,TRUE,0,0,0,TRUE,TRUE,65000,,0
11570,0,0,3,1200,600,600,653,57,1454,TRUE,357.6,57,1014,TRUE,TRUE,345000,21277.69695,65700
11572,0,0,1,400,200,200,1147,113,1399,TRUE,581.2,113,894,TRUE,TRUE,115000,53210.13596,31300
11575,0,0,4,1600,800,800,1386,120,1908,TRUE,227.2,120,1147,TRUE,TRUE,460000,84757.76512,92000
11577,0,0,0,0,0,0,667,18,685,TRUE,339,0,292,TRUE,TRUE,0,5138.461538,0
11579,0,0,1,400,199,199,140,0,354,TRUE,12,0,211,TRUE,TRUE,115000,0,19900
11580,0,0,3,1200,600,600,1009,78,1513,TRUE,207,78,885,TRUE,TRUE,345000,32956.24161,67800
11596,1,0,1,500,250,250,253,19,591,TRUE,110.8,19,379,TRUE,TRUE,180000,9033.907135,26900
11598,0,1,2,1000,500,500,392,35,1197,TRUE,197.4,35,732,TRUE,TRUE,325000,12459.91877,53500
11692,0,1,5,2200,1100,1100,902,39,2577,TRUE,0,39,1139,TRUE,TRUE,670000,12036.54066,113900
11693,0,0,2,800,400,400,328,54,622,TRUE,0,54,454,TRUE,TRUE,230000,46252.96875,45400
11694,0,0,4,1600,800,800,752,111,1211,TRUE,0,111,911,TRUE,TRUE,460000,65454.85199,91100
11697,0,0,1,400,154,154,0,0,280,TRUE,0,0,154,TRUE,TRUE,115000,,15400
11702,0,0,2,800,397,397,373,0,588,TRUE,131,0,528,TRUE,TRUE,230000,0,39700
11704,0,0,5,2000,1000,1000,972,69,1646,TRUE,142.2,69,1211,TRUE,TRUE,575000,28367.96388,106900
11706,0,0,10,4000,2000,2000,2408,119,3786,TRUE,586.2,119,2705,TRUE,TRUE,1150000,35491.39397,211900
11709,0,0,1,400,123,123,52,0,243,TRUE,0,0,123,TRUE,TRUE,115000,0,12300
11715,0,0,1,400,82,82,40,0,265,TRUE,0,0,82,TRUE,TRUE,115000,0,8200
11718,0,1,0,200,91,91,0,0,195,TRUE,0,0,91,TRUE,TRUE,95000,,9100
11719,1,0,0,100,50,50,122,17,178,TRUE,60.6,17,127,TRUE,TRUE,65000,9066.885246,6700
11720,0,0,5,2000,973,973,483,0,1345,TRUE,90.4,0,1063,TRUE,TRUE,575000,0,97300
11721,0,1,0,200,100,100,188,19,247,TRUE,102,19,221,TRUE,TRUE,95000,7969.402118,11900
11724,0,1,0,200,100,100,128,1,209,TRUE,60.6,1,161,TRUE,TRUE,95000,459.7402597,10100
11729,1,0,3,1300,650,650,521,46,1114,TRUE,122.6,46,818,TRUE,TRUE,410000,29775.78035,69600
11730,0,0,2,800,389,389,95,0,613,TRUE,69.8,0,458,TRUE,TRUE,230000,0,38900
11731,0,1,4,1800,900,900,577,49,1593,TRUE,323.8,49,1272,TRUE,TRUE,555000,18114.76097,94900
11732,0,1,0,200,72,72,0,0,159,TRUE,0,0,72,TRUE,TRUE,95000,,7200
11733,1,0,0,100,50,50,696,35,831,TRUE,440,19,509,TRUE,TRUE,65000,8750,6900
11738,0,0,4,1600,766,766,477,0,1095,TRUE,212,0,978,TRUE,TRUE,460000,0,76600
11740,0,0,1,400,198,198,272,0,552,TRUE,121.8,0,319,TRUE,TRUE,115000,0,19800
11741,1,0,4,1700,850,850,600,52,1424,TRUE,168.2,52,1070,TRUE,TRUE,525000,21496.0414,90200
11742,0,0,2,800,368,368,481,0,689,TRUE,184.6,0,552,TRUE,TRUE,230000,0,36800
11743,0,0,0,0,0,0,1758,112,1804,TRUE,890.8,112,1002,TRUE,TRUE,0,33641.66759,11200
11751,0,0,2,800,391,391,257,0,548,TRUE,61.2,0,452,TRUE,TRUE,230000,0,39100
11753,0,1,1,600,300,300,289,31,750,TRUE,65.8,31,396,TRUE,TRUE,210000,17478.4342,33100
11754,0,0,2,800,400,400,540,24,893,TRUE,258.8,24,682,TRUE,TRUE,230000,6577.777778,42400
11755,0,1,1,600,300,300,293,8,617,TRUE,0,8,308,TRUE,TRUE,210000,3015.929204,30800
11763,0,0,2,800,400,400,939,14,1509,TRUE,464,14,878,TRUE,TRUE,230000,4330.054645,41400
11764,0,0,0,0,0,0,558,51,571,TRUE,235.8,51,286,TRUE,TRUE,0,19910.57662,5100
11766,0,0,1,400,130,130,317,0,573,TRUE,189.4,0,319,TRUE,TRUE,115000,0,13000
11767,0,1,1,600,300,300,208,29,705,TRUE,99,29,428,TRUE,TRUE,210000,18087.72331,32900
11769,0,1,0,200,100,100,157,18,305,TRUE,107.2,18,225,TRUE,TRUE,95000,7272.993631,11800
11770,1,0,0,100,0,0,0,0,5,TRUE,0,0,0,TRUE,TRUE,65000,,0
11771,0,0,3,1200,536,536,220,0,535,TRUE,52.4,0,588,TRUE,TRUE,345000,0,53600
11772,0,0,6,2400,1157,1157,954,0,2074,TRUE,492,0,1649,TRUE,TRUE,690000,0,115700
11778,1,0,2,900,450,450,305,43,720,TRUE,99,43,592,TRUE,TRUE,295000,25166.3747,49300
11779,0,0,2,800,400,400,1776,141,1853,TRUE,847,141,1388,TRUE,TRUE,230000,42680.27019,54100
11780,0,0,2,800,339,339,172,0,652,TRUE,27.8,0,366,TRUE,TRUE,230000,0,33900
11782,1,0,2,900,450,450,399,21,824,TRUE,60,21,531,TRUE,TRUE,295000,8605.959941,47100
11783,0,0,2,800,365,365,601,0,969,TRUE,243.4,0,608,TRUE,TRUE,230000,0,36500
11784,0,0,5,2000,1000,1000,461,40,1334,TRUE,78.6,40,1118,TRUE,TRUE,575000,19042.85714,104000
11786,0,1,0,200,84,84,173,0,350,TRUE,68.2,0,152,TRUE,TRUE,95000,0,8400
11788,0,0,1,400,200,200,698,75,775,TRUE,425,75,700,TRUE,TRUE,115000,34871.31638,27500
11789,0,0,1,400,130,130,0,0,363,TRUE,0,0,130,TRUE,TRUE,115000,,13000
11790,0,0,1,400,200,200,296,44,595,TRUE,211.2,44,455,TRUE,TRUE,115000,26793.20713,24400
11791,0,0,0,0,0,0,1488,80,1568,TRUE,769.6,0,709,TRUE,TRUE,0,24450.99021,0
11792,0,0,1,400,169,169,267,0,393,TRUE,105,0,274,TRUE,TRUE,115000,0,16900
11793,0,0,3,1200,600,600,826,56,1584,TRUE,390.8,56,1046,TRUE,TRUE,345000,21462.86991,65600
11795,0,0,3,1200,575,575,706,0,1177,TRUE,365.6,0,940,TRUE,TRUE,345000,0,57500
11796,0,0,1,400,143,143,55,0,178,TRUE,0,0,143,TRUE,TRUE,115000,0,14300
11801,0,0,2,800,400,400,1427,171,1692,TRUE,483.8,171,1054,TRUE,TRUE,230000,102121.0914,57100
11804,0,0,1,400,196,196,0,0,284,TRUE,0,0,196,TRUE,TRUE,115000,,19600
11930,1,0,0,100,12,12,0,0,18,TRUE,0,0,12,TRUE,TRUE,65000,,1200
11932,1,0,0,100,0,0,16,0,57,TRUE,9.6,0,0,TRUE,TRUE,65000,0,0
11933,0,0,1,400,182,182,125,0,259,TRUE,0,0,182,TRUE,TRUE,115000,0,18200
11934,1,0,1,500,250,250,278,3,478,TRUE,102.2,3,355,TRUE,TRUE,180000,1212.244898,25300
11935,1,0,0,100,0,0,78,0,146,TRUE,33.6,0,29,TRUE,TRUE,65000,0,0
11937,0,0,4,1600,785,785,623,0,1034,TRUE,101.8,0,886,TRUE,TRUE,460000,0,78500
11939,1,0,0,100,25,25,0,0,29,TRUE,0,0,25,TRUE,TRUE,65000,,2500
11940,0,0,1,400,179,179,151,0,283,TRUE,0,0,179,TRUE,TRUE,115000,0,17900
11941,0,1,0,200,80,80,16,0,120,TRUE,0,0,80,TRUE,TRUE,95000,0,8000
11942,0,0,1,400,129,129,0,0,184,TRUE,0,0,129,TRUE,TRUE,115000,,12900
11944,0,1,0,200,56,56,0,0,130,TRUE,0,0,56,TRUE,TRUE,95000,,5600
11946,0,0,3,1200,600,600,113,1,731,TRUE,26.4,1,627,TRUE,TRUE,345000,527.8688525,60100
11947,0,0,0,0,0,0,0,0,0,TRUE,0,0,0,TRUE,TRUE,0,,0
11949,0,1,1,600,300,300,129,12,523,TRUE,72.6,12,384,TRUE,TRUE,210000,4260.465116,31200
11951,0,0,4,1600,752,752,187,0,1493,TRUE,64.2,0,816,TRUE,TRUE,460000,0,75200
11952,0,1,0,200,98,98,0,0,161,TRUE,0,0,98,TRUE,TRUE,95000,,9800
11954,0,0,1,400,123,123,59,0,299,TRUE,47.8,0,170,TRUE,TRUE,115000,0,12300
11956,1,0,0,100,9,9,0,0,6,TRUE,0,0,9,TRUE,TRUE,65000,,900
11957,0,0,0,0,0,0,0,0,0,TRUE,0,0,0,TRUE,TRUE,0,,0
11958,1,0,0,100,26,26,0,0,47,TRUE,0,0,26,TRUE,TRUE,65000,,2600
11959,1,0,0,100,8,8,26,0,33,TRUE,20.4,0,28,TRUE,TRUE,65000,0,800
11961,0,1,1,600,278,278,98,0,512,TRUE,0,0,278,TRUE,TRUE,210000,0,27800
11963,0,0,1,400,200,200,108,18,407,TRUE,0,18,218,TRUE,TRUE,115000,14853.33333,21800
11964,0,1,1,600,253,253,0,0,205,TRUE,0,0,253,TRUE,TRUE,210000,,25300
11965,0,0,0,0,0,0,0,0,0,TRUE,0,0,0,TRUE,TRUE,0,,0
11967,0,0,4,1600,771,771,515,0,1370,TRUE,69.6,0,840,TRUE,TRUE,460000,0,77100
11968,0,0,1,400,200,200,223,1,567,TRUE,157.8,1,358,TRUE,TRUE,115000,385.1851852,20100
11970,0,0,0,0,0,0,0,0,0,TRUE,0,0,0,TRUE,TRUE,0,,0
11971,0,0,1,400,165,165,172,0,389,TRUE,79.2,0,244,TRUE,TRUE,115000,0,16500
11972,1,0,0,100,0,0,0,0,22,TRUE,0,0,0,TRUE,TRUE,65000,,0
11976,0,1,0,200,68,68,0,0,70,TRUE,0,0,68,TRUE,TRUE,95000,,6800
11977,1,0,0,100,19,19,121,0,160,TRUE,101,0,120,TRUE,TRUE,65000,0,1900
12007,1,0,0,100,0,0,0,0,28,TRUE,0,0,0,TRUE,TRUE,65000,,0
12008,1,0,0,100,29,29,0,0,41,TRUE,0,0,29,TRUE,TRUE,65000,,2900
12009,0,1,1,600,280,280,88,0,410,TRUE,0,0,280,TRUE,TRUE,210000,0,28000
12010,0,0,3,1200,595,595,1069,0,2155,TRUE,417.8,0,1012,TRUE,TRUE,345000,0,59500
12015,0,1,0,200,84,84,0,0,158,TRUE,0,0,84,TRUE,TRUE,95000,,8400
12017,1,0,0,100,0,0,0,0,7,TRUE,0,0,0,TRUE,TRUE,65000,,0
12018,0,0,2,800,318,318,68,0,370,TRUE,0,0,318,TRUE,TRUE,230000,0,31800
12019,0,0,2,800,400,400,244,2,700,TRUE,0,2,402,TRUE,TRUE,230000,1309.090722,40200
12020,0,1,0,200,100,100,1335,27,1558,TRUE,598,27,725,TRUE,TRUE,95000,8302.063544,12700
12022,1,0,0,100,32,32,20,0,65,TRUE,0,0,32,TRUE,TRUE,65000,0,3200
12023,0,1,0,200,96,96,0,0,133,TRUE,0,0,96,TRUE,TRUE,95000,,9600
12024,1,0,0,100,0,0,0,0,1,TRUE,0,0,0,TRUE,TRUE,65000,,0
12025,0,0,1,400,184,184,0,0,191,TRUE,0,0,184,TRUE,TRUE,115000,,18400
12027,0,1,0,200,82,82,133,0,223,TRUE,83.2,0,165,TRUE,TRUE,95000,0,8200
12028,1,0,0,100,38,38,16,0,74,TRUE,0,0,38,TRUE,TRUE,65000,0,3800
12029,1,0,0,100,7,7,0,0,19,TRUE,0,0,7,TRUE,TRUE,65000,,700
12031,1,0,0,100,17,17,0,0,10,TRUE,0,0,17,TRUE,TRUE,65000,,1700
12032,1,0,0,100,15,15,0,0,26,TRUE,0,0,15,TRUE,TRUE,65000,,1500
12035,1,0,0,100,0,0,0,0,24,TRUE,0,0,0,TRUE,TRUE,65000,,0
12036,1,0,0,100,22,22,0,0,26,TRUE,0,0,22,TRUE,TRUE,65000,,2200
12037,0,0,1,400,152,152,68,0,175,TRUE,0,0,152,TRUE,TRUE,115000,0,15200
12040,0,0,0,0,0,0,0,0,0,TRUE,0,0,0,TRUE,TRUE,0,,0
12041,1,0,0,100,0,0,0,0,3,TRUE,0,0,0,TRUE,TRUE,65000,,0
12042,1,0,0,100,0,0,0,0,10,TRUE,0,0,0,TRUE,TRUE,65000,,0
12045,1,0,0,100,22,22,20,0,30,TRUE,0,0,22,TRUE,TRUE,65000,0,2200
12046,1,0,0,100,19,19,0,0,41,TRUE,0,0,19,TRUE,TRUE,65000,,1900
12047,0,0,3,1200,569,569,565,0,1286,TRUE,214,0,783,TRUE,TRUE,345000,0,56900
12051,0,0,1,400,162,162,52,0,191,TRUE,13.2,0,175,TRUE,TRUE,115000,0,16200
12052,0,1,0,200,86,86,0,0,80,TRUE,0,0,86,TRUE,TRUE,95000,,8600
12053,1,0,0,100,48,48,124,0,172,TRUE,36.8,0,84,TRUE,TRUE,65000,0,4800
12057,0,1,0,200,89,89,16,0,82,TRUE,0,0,89,TRUE,TRUE,95000,0,8900
12058,1,0,0,100,0,0,0,0,42,TRUE,0,0,0,TRUE,TRUE,65000,,0
12059,1,0,0,100,14,14,0,0,49,TRUE,0,0,14,TRUE,TRUE,65000,,1400
12060,1,0,0,100,14,14,0,0,45,TRUE,0,0,14,TRUE,TRUE,65000,,1400
12062,1,0,0,100,38,38,0,0,46,TRUE,0,0,38,TRUE,TRUE,65000,,3800
12063,1,0,0,100,18,18,0,0,16,TRUE,0,0,18,TRUE,TRUE,65000,,1800
12064,1,0,0,100,10,10,0,0,10,TRUE,0,0,10,TRUE,TRUE,65000,,1000
12066,0,0,1,400,101,101,0,0,99,TRUE,0,0,101,TRUE,TRUE,115000,,10100
12067,1,0,0,100,35,35,16,0,75,TRUE,0,0,35,TRUE,TRUE,65000,0,3500
12069,1,0,0,100,17,17,0,0,17,TRUE,0,0,17,TRUE,TRUE,65000,,1700
12070,1,0,0,100,29,29,0,0,65,TRUE,0,0,29,TRUE,TRUE,65000,,2900
12071,1,0,0,100,10,10,0,0,16,TRUE,0,0,10,TRUE,TRUE,65000,,1000
12072,0,0,1,400,150,150,0,0,196,TRUE,0,0,150,TRUE,TRUE,115000,,15000
12075,1,0,0,100,48,48,0,0,77,TRUE,0,0,48,TRUE,TRUE,65000,,4800
12076,1,0,0,100,22,22,0,0,45,TRUE,0,0,22,TRUE,TRUE,65000,,2200
12077,0,1,1,600,300,300,172,0,354,TRUE,66.6,0,366,TRUE,TRUE,210000,0,30000
12078,0,0,3,1200,600,600,656,48,1739,TRUE,152.4,48,800,TRUE,TRUE,345000,17977.30244,64800
12082,0,0,0,0,0,0,0,0,0,TRUE,0,0,0,TRUE,TRUE,0,,0
12083,0,1,0,200,84,84,139,0,223,TRUE,28.8,0,112,TRUE,TRUE,95000,0,8400
12084,0,0,1,400,192,192,140,0,278,TRUE,0,0,192,TRUE,TRUE,115000,0,19200
12087,1,0,0,100,34,34,0,0,45,TRUE,0,0,34,TRUE,TRUE,65000,,3400
12090,1,0,1,500,250,250,76,1,375,TRUE,52,1,303,TRUE,TRUE,180000,463.1578947,25100
12092,1,0,0,100,30,30,0,0,57,TRUE,0,0,30,TRUE,TRUE,65000,,3000
12093,1,0,0,100,36,36,16,0,55,TRUE,0,0,36,TRUE,TRUE,65000,0,3600
12094,0,1,0,200,54,54,0,0,132,TRUE,0,0,54,TRUE,TRUE,95000,,5400
12106,1,0,0,100,39,39,0,0,71,TRUE,0,0,39,TRUE,TRUE,65000,,3900
12108,1,0,0,100,7,7,0,0,7,TRUE,0,0,7,TRUE,TRUE,65000,,700
12115,0,0,0,0,0,0,0,0,0,TRUE,0,0,0,TRUE,TRUE,0,,0
12116,1,0,0,100,36,36,8,0,66,TRUE,0,0,36,TRUE,TRUE,65000,0,3600
12117,0,1,0,200,77,77,23,0,97,TRUE,9,0,86,TRUE,TRUE,95000,0,7700
12120,1,0,0,100,24,24,8,0,26,TRUE,0,0,24,TRUE,TRUE,65000,0,2400
12121,0,1,0,200,81,81,0,0,108,TRUE,0,0,81,TRUE,TRUE,95000,,8100
12123,0,0,1,400,177,177,160,0,244,TRUE,54.8,0,231,TRUE,TRUE,115000,0,17700
12125,1,0,0,100,32,32,0,0,55,TRUE,0,0,32,TRUE,TRUE,65000,,3200
12130,1,0,0,100,6,6,0,0,53,TRUE,0,0,6,TRUE,TRUE,65000,,600
12131,1,0,0,100,12,12,0,0,12,TRUE,0,0,12,TRUE,TRUE,65000,,1200
12132,1,0,0,100,9,9,0,0,7,TRUE,0,0,9,TRUE,TRUE,65000,,900
12134,0,0,1,400,119,119,80,0,168,TRUE,0,0,119,TRUE,TRUE,115000,0,11900
12137,0,1,0,200,55,55,8,0,105,TRUE,0,0,55,TRUE,TRUE,95000,0,5500
12138,0,1,0,200,78,78,16,0,114,TRUE,0,0,78,TRUE,TRUE,95000,0,7800
12139,1,0,0,100,9,9,0,0,10,TRUE,0,0,9,TRUE,TRUE,65000,,900
12140,0,1,0,200,65,65,52,0,76,TRUE,0,0,65,TRUE,TRUE,95000,0,6500
12147,1,0,0,100,0,0,0,0,16,TRUE,0,0,0,TRUE,TRUE,65000,,0
12148,0,1,0,200,100,100,68,8,163,TRUE,0,8,108,TRUE,TRUE,95000,5466.666667,10800
12149,0,1,0,200,69,69,40,0,161,TRUE,0,0,69,TRUE,TRUE,95000,0,6900
12150,1,0,0,100,45,45,0,0,34,TRUE,0,0,45,TRUE,TRUE,65000,,4500
12151,1,0,0,100,36,36,8,0,61,TRUE,0,0,36,TRUE,TRUE,65000,0,3600
12153,1,0,0,100,4,4,0,0,65,TRUE,0,0,4,TRUE,TRUE,65000,,400
12154,0,1,0,200,66,66,68,0,97,TRUE,0,0,66,TRUE,TRUE,95000,0,6600
12155,1,0,0,100,0,0,68,0,101,TRUE,26.4,0,13,TRUE,TRUE,65000,0,0
12156,1,0,0,100,28,28,0,0,49,TRUE,0,0,28,TRUE,TRUE,65000,,2800
12159,0,1,0,200,100,100,118,13,301,TRUE,98,13,211,TRUE,TRUE,95000,5523.389831,11300
12161,1,0,0,100,6,6,0,0,3,TRUE,0,0,6,TRUE,TRUE,65000,,600
12164,1,0,0,100,5,5,0,0,10,TRUE,0,0,5,TRUE,TRUE,65000,,500
12165,1,0,0,100,10,10,0,0,11,TRUE,0,0,10,TRUE,TRUE,65000,,1000
12166,0,1,0,200,80,80,0,0,98,TRUE,0,0,80,TRUE,TRUE,95000,,8000
12167,0,1,0,200,64,64,16,0,115,TRUE,0,0,64,TRUE,TRUE,95000,0,6400
12168,1,0,0,100,50,50,0,0,72,TRUE,0,0,50,TRUE,TRUE,65000,,5000
12169,1,0,0,100,7,7,0,0,31,TRUE,0,0,7,TRUE,TRUE,65000,,700
12170,0,0,1,400,186,186,159,0,238,TRUE,37.2,0,223,TRUE,TRUE,115000,0,18600
12173,0,1,0,200,60,60,0,0,127,TRUE,0,0,60,TRUE,TRUE,95000,,6000
12174,1,0,0,100,10,10,0,0,17,TRUE,0,0,10,TRUE,TRUE,65000,,1000
12175,1,0,0,100,18,18,0,0,46,TRUE,0,0,18,TRUE,TRUE,65000,,1800
12176,1,0,0,100,14,14,0,0,12,TRUE,0,0,14,TRUE,TRUE,65000,,1400
12177,1,0,0,100,29,29,0,0,18,TRUE,0,0,29,TRUE,TRUE,65000,,2900
12183,0,0,1,400,164,164,16,0,200,TRUE,0,0,164,TRUE,TRUE,115000,0,16400
12184,0,0,1,400,163,163,230,0,343,TRUE,69.6,0,232,TRUE,TRUE,115000,0,16300
12185,0,1,0,200,58,58,0,0,70,TRUE,0,0,58,TRUE,TRUE,95000,,5800
12186,0,1,0,200,100,100,225,23,231,TRUE,37,23,160,TRUE,TRUE,95000,9579.229499,12300
12187,1,0,0,100,14,14,16,0,17,TRUE,0,0,14,TRUE,TRUE,65000,0,1400
12188,1,0,1,500,250,250,146,2,487,TRUE,58.8,2,310,TRUE,TRUE,180000,971.4285714,25200
12189,0,0,2,800,400,400,538,72,904,TRUE,171.6,72,643,TRUE,TRUE,230000,49260.49653,47200
12190,1,0,0,100,28,28,16,0,29,TRUE,0,0,28,TRUE,TRUE,65000,0,2800
12192,1,0,0,100,0,0,0,0,24,TRUE,0,0,0,TRUE,TRUE,65000,,0
12193,1,0,0,100,50,50,0,0,93,TRUE,0,0,50,TRUE,TRUE,65000,,5000
12194,1,0,0,100,2,2,0,0,9,TRUE,0,0,2,TRUE,TRUE,65000,,200
12195,0,0,0,0,0,0,0,0,0,TRUE,0,0,0,TRUE,TRUE,0,,0
12196,0,1,0,200,90,90,91,0,279,TRUE,18.2,0,108,TRUE,TRUE,95000,0,9000
12197,1,0,0,100,50,50,40,0,60,TRUE,0,0,50,TRUE,TRUE,65000,0,5000
12198,0,0,1,400,121,121,87,0,280,TRUE,37.8,0,158,TRUE,TRUE,115000,0,12100
12202,0,1,2,1000,500,500,337,0,689,TRUE,32.4,0,532,TRUE,TRUE,325000,0,50000
12204,0,0,3,1200,554,554,30,0,550,TRUE,0,0,554,TRUE,TRUE,345000,0,55400
12206,0,0,0,0,0,0,1054,55,1109,TRUE,324.6,0,298,TRUE,TRUE,0,15822.24053,0
12209,0,0,2,800,393,393,568,0,968,TRUE,165.4,0,558,TRUE,TRUE,230000,0,39300
12222,0,0,0,0,0,0,0,0,0,TRUE,0,0,0,TRUE,TRUE,0,,0
12226,0,0,0,0,0,0,0,0,0,TRUE,0,0,0,TRUE,TRUE,0,,0
12303,0,0,2,800,400,400,956,120,1466,TRUE,322.6,120,842,TRUE,TRUE,230000,95624.26411,52000
12304,0,0,2,800,400,400,961,11,1678,TRUE,463.4,11,874,TRUE,TRUE,230000,3328.205128,41100
12306,0,0,5,2000,966,966,585,0,1383,TRUE,240.8,0,1206,TRUE,TRUE,575000,0,96600
12307,0,0,2,800,369,369,284,0,764,TRUE,0,0,369,TRUE,TRUE,230000,0,36900
12308,0,0,2,800,400,400,317,0,886,TRUE,131.4,0,531,TRUE,TRUE,230000,0,40000
12404,0,0,1,400,132,132,80,0,176,TRUE,0,0,132,TRUE,TRUE,115000,0,13200
12407,1,0,0,100,3,3,0,0,7,TRUE,0,0,3,TRUE,TRUE,65000,,300
12409,1,0,0,100,38,38,0,0,37,TRUE,0,0,38,TRUE,TRUE,65000,,3800
12410,0,0,0,0,0,0,0,0,0,TRUE,0,0,0,TRUE,TRUE,0,,0
12411,1,0,0,100,17,17,0,0,23,TRUE,0,0,17,TRUE,TRUE,65000,,1700
12412,1,0,0,100,0,0,0,0,11,TRUE,0,0,0,TRUE,TRUE,65000,,0
12413,1,0,0,100,8,8,86,1,187,TRUE,42.8,0,50,TRUE,TRUE,65000,544.8275862,800
12414,0,0,2,800,374,374,216,0,334,TRUE,0,0,374,TRUE,TRUE,230000,0,37400
12416,0,0,0,0,0,0,0,0,0,TRUE,0,0,0,TRUE,TRUE,0,,0
12417,1,0,0,100,0,0,0,0,7,TRUE,0,0,0,TRUE,TRUE,65000,,0
12418,1,0,0,100,20,20,0,0,18,TRUE,0,0,20,TRUE,TRUE,65000,,2000
12419,0,1,0,200,56,56,8,0,51,TRUE,0,0,56,TRUE,TRUE,95000,0,5600
12420,0,1,0,200,66,66,0,0,33,TRUE,0,0,66,TRUE,TRUE,95000,,6600
12421,1,0,0,100,0,0,0,0,7,TRUE,0,0,0,TRUE,TRUE,65000,,0
12422,1,0,0,100,0,0,0,0,3,TRUE,0,0,0,TRUE,TRUE,65000,,0
12423,1,0,0,100,6,6,0,0,60,TRUE,0,0,6,TRUE,TRUE,65000,,600
12424,1,0,0,100,0,0,0,0,5,TRUE,0,0,0,TRUE,TRUE,65000,,0
12427,0,0,1,400,131,131,0,0,148,TRUE,0,0,131,TRUE,TRUE,115000,,13100
12429,0,0,0,0,0,0,0,0,0,TRUE,0,0,0,TRUE,TRUE,0,,0
12430,1,0,0,100,26,26,0,0,63,TRUE,0,0,26,TRUE,TRUE,65000,,2600
12431,0,1,0,200,72,72,8,0,88,TRUE,0,0,72,TRUE,TRUE,95000,0,7200
12433,1,0,0,100,40,40,0,0,47,TRUE,0,0,40,TRUE,TRUE,65000,,4000
12434,0,1,0,200,57,57,8,0,96,TRUE,0,0,57,TRUE,TRUE,95000,0,5700
12435,1,0,0,100,5,5,0,0,19,TRUE,0,0,5,TRUE,TRUE,65000,,500
12436,1,0,0,100,0,0,0,0,2,TRUE,0,0,0,TRUE,TRUE,65000,,0
12438,1,0,0,100,0,0,0,0,2,TRUE,0,0,0,TRUE,TRUE,65000,,0
12439,1,0,0,100,6,6,0,0,7,TRUE,0,0,6,TRUE,TRUE,65000,,600
12440,1,0,0,100,26,26,0,0,67,TRUE,0,0,26,TRUE,TRUE,65000,,2600
12441,0,0,0,0,0,0,0,0,0,TRUE,0,0,0,TRUE,TRUE,0,,0
12442,1,0,0,100,20,20,0,0,19,TRUE,0,0,20,TRUE,TRUE,65000,,2000
12444,1,0,0,100,0,0,0,0,4,TRUE,0,0,0,TRUE,TRUE,65000,,0
12446,0,0,1,400,180,180,16,0,198,TRUE,0,0,180,TRUE,TRUE,115000,0,18000
12448,0,0,0,0,0,0,0,0,0,TRUE,0,0,0,TRUE,TRUE,0,,0
12450,1,0,0,100,7,7,0,0,12,TRUE,0,0,7,TRUE,TRUE,65000,,700
12451,1,0,0,100,43,43,8,0,51,TRUE,0,0,43,TRUE,TRUE,65000,0,4300
12452,0,0,0,0,0,0,0,0,0,TRUE,0,0,0,TRUE,TRUE,0,,0
12453,0,0,0,0,0,0,0,0,0,TRUE,0,0,0,TRUE,TRUE,0,,0
12454,1,0,0,100,24,24,0,0,31,TRUE,0,0,24,TRUE,TRUE,65000,,2400
12455,1,0,0,100,31,31,8,0,80,TRUE,0,0,31,TRUE,TRUE,65000,0,3100
12456,1,0,0,100,12,12,0,0,57,TRUE,0,0,12,TRUE,TRUE,65000,,1200
12457,0,1,0,200,66,66,16,0,54,TRUE,0,0,66,TRUE,TRUE,95000,0,6600
12458,1,0,0,100,41,41,0,0,81,TRUE,0,0,41,TRUE,TRUE,65000,,4100
12459,0,0,0,0,0,0,0,0,0,TRUE,0,0,0,TRUE,TRUE,0,,0
12460,1,0,0,100,29,29,0,0,27,TRUE,0,0,29,TRUE,TRUE,65000,,2900
12461,1,0,0,100,48,48,16,0,57,TRUE,0,0,48,TRUE,TRUE,65000,0,4800
12463,1,0,0,100,15,15,12,0,34,TRUE,0,0,15,TRUE,TRUE,65000,0,1500
12465,1,0,0,100,7,7,0,0,9,TRUE,0,0,7,TRUE,TRUE,65000,,700
12468,1,0,0,100,40,40,0,0,63,TRUE,0,0,40,TRUE,TRUE,65000,,4000
12469,1,0,0,100,16,16,0,0,16,TRUE,0,0,16,TRUE,TRUE,65000,,1600
12470,1,0,0,100,42,42,0,0,56,TRUE,0,0,42,TRUE,TRUE,65000,,4200
12471,0,0,0,0,0,0,0,0,0,TRUE,0,0,0,TRUE,TRUE,0,,0
12472,1,0,0,100,16,16,0,0,41,TRUE,0,0,16,TRUE,TRUE,65000,,1600
12473,1,0,0,100,0,0,0,0,36,TRUE,0,0,0,TRUE,TRUE,65000,,0
12474,1,0,0,100,13,13,0,0,30,TRUE,0,0,13,TRUE,TRUE,65000,,1300
12475,1,0,0,100,16,16,0,0,19,TRUE,0,0,16,TRUE,TRUE,65000,,1600
12480,1,0,0,100,4,4,0,0,20,TRUE,0,0,4,TRUE,TRUE,65000,,400
12481,1,0,0,100,0,0,0,0,17,TRUE,0,0,0,TRUE,TRUE,65000,,0
12482,1,0,0,100,0,0,0,0,3,TRUE,0,0,0,TRUE,TRUE,65000,,0
12483,1,0,0,100,0,0,0,0,3,TRUE,0,0,0,TRUE,TRUE,65000,,0
12484,1,0,0,100,21,21,87,0,166,TRUE,64.2,0,85,TRUE,TRUE,65000,0,2100
12485,1,0,0,100,6,6,29,0,82,TRUE,25,0,31,TRUE,TRUE,65000,0,600
12486,1,0,0,100,30,30,0,0,86,TRUE,0,0,30,TRUE,TRUE,65000,,3000
12487,0,1,0,200,68,68,0,0,138,TRUE,0,0,68,TRUE,TRUE,95000,,6800
12489,0,0,0,0,0,0,0,0,0,TRUE,0,0,0,TRUE,TRUE,0,,0
12490,0,0,0,0,0,0,0,0,0,TRUE,0,0,0,TRUE,TRUE,0,,0
12491,0,1,0,200,86,86,0,0,99,TRUE,0,0,86,TRUE,TRUE,95000,,8600
12492,1,0,0,100,5,5,0,0,4,TRUE,0,0,5,TRUE,TRUE,65000,,500
12493,1,0,0,100,0,0,0,0,1,TRUE,0,0,0,TRUE,TRUE,65000,,0
12494,1,0,0,100,22,22,0,0,26,TRUE,0,0,22,TRUE,TRUE,65000,,2200
12495,0,0,0,0,0,0,0,0,0,TRUE,0,0,0,TRUE,TRUE,0,,0
12496,1,0,0,100,23,23,0,0,44,TRUE,0,0,23,TRUE,TRUE,65000,,2300
12498,1,0,0,100,18,18,44,0,118,TRUE,26.4,0,44,TRUE,TRUE,65000,0,1800
12502,0,1,0,200,72,72,0,0,70,TRUE,0,0,72,TRUE,TRUE,95000,,7200
12503,1,0,0,100,11,11,0,0,29,TRUE,0,0,11,TRUE,TRUE,65000,,1100
12507,1,0,0,100,0,0,0,0,10,TRUE,0,0,0,TRUE,TRUE,65000,,0
12512,1,0,0,100,8,8,0,0,4,TRUE,0,0,8,TRUE,TRUE,65000,,800
12513,0,0,0,0,0,0,0,0,0,TRUE,0,0,0,TRUE,TRUE,0,,0
12514,0,1,0,200,77,77,0,0,91,TRUE,0,0,77,TRUE,TRUE,95000,,7700
12515,1,0,0,100,37,37,0,0,57,TRUE,0,0,37,TRUE,TRUE,65000,,3700
12516,1,0,0,100,24,24,0,0,36,TRUE,0,0,24,TRUE,TRUE,65000,,2400
12517,1,0,0,100,14,14,0,0,19,TRUE,0,0,14,TRUE,TRUE,65000,,1400
12518,0,0,1,400,200,200,116,5,281,TRUE,36,5,241,TRUE,TRUE,115000,2250,20500
12521,1,0,0,100,0,0,18,0,38,TRUE,10.8,0,8,TRUE,TRUE,65000,0,0
12522,0,1,0,200,95,95,48,0,152,TRUE,0,0,95,TRUE,TRUE,95000,0,9500
12523,0,1,0,200,54,54,0,0,101,TRUE,0,0,54,TRUE,TRUE,95000,,5400
12524,0,1,1,600,300,300,490,10,629,TRUE,100.4,10,410,TRUE,TRUE,210000,4000,31000
12525,1,0,0,100,20,20,0,0,91,TRUE,0,0,20,TRUE,TRUE,65000,,2000
12526,0,1,0,200,56,56,8,0,78,TRUE,0,0,56,TRUE,TRUE,95000,0,5600
12529,0,1,0,200,68,68,0,0,73,TRUE,0,0,68,TRUE,TRUE,95000,,6800
12530,0,0,0,0,0,0,0,0,0,TRUE,0,0,0,TRUE,TRUE,0,,0
12531,1,0,0,100,44,44,158,0,190,TRUE,92,0,136,TRUE,TRUE,65000,0,4400
12533,0,0,3,1200,600,600,830,94,1528,TRUE,487.4,94,1181,TRUE,TRUE,345000,42574.7036,69400
12540,0,1,1,600,300,300,187,5,576,TRUE,74,5,379,TRUE,TRUE,210000,2176.470588,30500
12542,0,1,0,200,100,100,167,2,257,TRUE,79.8,2,181,TRUE,TRUE,95000,933.3333333,10200
12543,0,0,1,400,133,133,0,0,146,TRUE,0,0,133,TRUE,TRUE,115000,,13300
12544,0,0,0,0,0,0,0,0,0,TRUE,0,0,0,TRUE,TRUE,0,,0
12545,1,0,0,100,50,50,100,2,118,TRUE,26.4,2,78,TRUE,TRUE,65000,1309.090909,5200
12546,0,1,0,200,60,60,29,0,114,TRUE,22.2,0,82,TRUE,TRUE,95000,0,6000
12547,1,0,0,100,42,42,142,0,188,TRUE,70,0,112,TRUE,TRUE,65000,0,4200
12548,1,0,0,100,6,6,0,0,61,TRUE,0,0,6,TRUE,TRUE,65000,,600
12549,1,0,0,100,28,28,558,0,643,TRUE,252.4,0,280,TRUE,TRUE,65000,0,2800
12553,0,0,1,400,200,200,945,51,1258,TRUE,513.4,51,764,TRUE,TRUE,115000,19619.76817,25100
12563,1,0,0,100,50,50,232,15,241,TRUE,53.4,15,118,TRUE,TRUE,65000,5867.18461,6500
12565,0,1,0,200,100,100,18,0,111,TRUE,10.8,0,110,TRUE,TRUE,95000,0,10000
12567,0,1,0,200,68,68,0,0,72,TRUE,0,0,68,TRUE,TRUE,95000,,6800
12569,0,1,1,600,300,300,196,23,467,TRUE,41.6,23,364,TRUE,TRUE,210000,13936.85535,32300
12571,0,0,1,400,138,138,192,0,387,TRUE,44.4,0,182,TRUE,TRUE,115000,0,13800
12574,1,0,0,100,11,11,0,0,6,TRUE,0,0,11,TRUE,TRUE,65000,,1100
12575,1,0,0,100,50,50,24,4,73,TRUE,0,4,54,TRUE,TRUE,65000,9210,5400
12577,1,0,0,100,36,36,16,0,64,TRUE,0,0,36,TRUE,TRUE,65000,0,3600
12578,1,0,0,100,20,20,32,0,57,TRUE,0,0,20,TRUE,TRUE,65000,0,2000
12581,0,1,0,200,81,81,48,0,93,TRUE,24,0,105,TRUE,TRUE,95000,0,8100
12582,0,1,0,200,100,100,64,8,192,TRUE,0,8,108,TRUE,TRUE,95000,12560,10800
12583,1,0,0,100,26,26,16,0,102,TRUE,0,0,26,TRUE,TRUE,65000,0,2600
12585,1,0,0,100,15,15,16,0,18,TRUE,0,0,15,TRUE,TRUE,65000,0,1500
12586,0,0,3,1200,531,531,197,0,739,TRUE,55.8,0,586,TRUE,TRUE,345000,0,53100
12589,1,0,3,1300,650,650,288,28,891,TRUE,12,28,690,TRUE,TRUE,410000,27050,67800
12592,1,0,0,100,50,50,0,0,83,TRUE,0,0,50,TRUE,TRUE,65000,,5000
12719,1,0,0,100,17,17,15,0,23,TRUE,15,0,32,TRUE,TRUE,65000,0,1700
12721,0,1,2,1000,495,495,16,0,539,TRUE,0,0,495,TRUE,TRUE,325000,0,49500
12722,0,0,0,0,0,0,0,0,0,TRUE,0,0,0,TRUE,TRUE,0,,0
12723,1,0,0,100,10,10,8,0,39,TRUE,0,0,10,TRUE,TRUE,65000,0,1000
12724,0,0,0,0,0,0,0,0,0,TRUE,0,0,0,TRUE,TRUE,0,,0
12726,0,1,0,200,86,86,8,0,80,TRUE,0,0,86,TRUE,TRUE,95000,0,8600
12732,1,0,0,100,13,13,8,0,23,TRUE,0,0,13,TRUE,TRUE,65000,0,1300
12733,1,0,0,100,21,21,0,0,89,TRUE,0,0,21,TRUE,TRUE,65000,,2100
12734,0,1,0,200,70,70,0,0,122,TRUE,0,0,70,TRUE,TRUE,95000,,7000
12736,0,0,0,0,0,0,0,0,0,TRUE,0,0,0,TRUE,TRUE,0,,0
12738,1,0,0,100,0,0,8,0,26,TRUE,0,0,0,TRUE,TRUE,65000,0,0
12740,1,0,0,100,44,44,68,0,73,TRUE,0,0,44,TRUE,TRUE,65000,0,4400
12741,1,0,0,100,0,0,0,0,5,TRUE,0,0,0,TRUE,TRUE,65000,,0
12743,1,0,0,100,0,0,0,0,8,TRUE,0,0,0,TRUE,TRUE,65000,,0
12746,1,0,0,100,30,30,0,0,31,TRUE,0,0,30,TRUE,TRUE,65000,,3000
12749,1,0,0,100,0,0,0,0,21,TRUE,0,0,0,TRUE,TRUE,65000,,0
12750,1,0,0,100,3,3,0,0,2,TRUE,0,0,3,TRUE,TRUE,65000,,300
12751,0,0,1,400,165,165,0,0,203,TRUE,0,0,165,TRUE,TRUE,115000,,16500
12752,1,0,0,100,4,4,0,0,4,TRUE,0,0,4,TRUE,TRUE,65000,,400
12758,0,1,0,200,79,79,149,0,197,TRUE,89.4,0,168,TRUE,TRUE,95000,0,7900
12759,0,0,1,400,54,54,0,0,250,TRUE,0,0,54,TRUE,TRUE,115000,,5400
12760,1,0,0,100,2,2,0,0,8,TRUE,0,0,2,TRUE,TRUE,65000,,200
12763,1,0,0,100,4,4,0,0,8,TRUE,0,0,4,TRUE,TRUE,65000,,400
12764,1,0,0,100,28,28,8,0,62,TRUE,0,0,28,TRUE,TRUE,65000,0,2800
12765,1,0,0,100,13,13,0,0,33,TRUE,0,0,13,TRUE,TRUE,65000,,1300
12766,1,0,0,100,0,0,0,0,28,TRUE,0,0,0,TRUE,TRUE,65000,,0
12767,1,0,0,100,25,25,0,0,13,TRUE,0,0,25,TRUE,TRUE,65000,,2500
12768,1,0,0,100,18,18,0,0,15,TRUE,0,0,18,TRUE,TRUE,65000,,1800
12769,1,0,0,100,18,18,0,0,9,TRUE,0,0,18,TRUE,TRUE,65000,,1800
12770,1,0,0,100,0,0,0,0,9,TRUE,0,0,0,TRUE,TRUE,65000,,0
12771,0,1,1,600,300,300,409,35,649,TRUE,145.8,35,480,TRUE,TRUE,210000,18893.36495,33500
12775,0,1,0,200,69,69,41,0,95,TRUE,27.2,0,96,TRUE,TRUE,95000,0,6900
12776,1,0,0,100,32,32,0,0,68,TRUE,0,0,32,TRUE,TRUE,65000,,3200
12777,1,0,0,100,32,32,0,0,26,TRUE,0,0,32,TRUE,TRUE,65000,,3200
12778,1,0,0,100,0,0,0,0,37,TRUE,0,0,0,TRUE,TRUE,65000,,0
12779,0,0,1,400,146,146,0,0,239,TRUE,0,0,146,TRUE,TRUE,115000,,14600
12780,1,0,0,100,21,21,0,0,75,TRUE,0,0,21,TRUE,TRUE,65000,,2100
12781,0,0,0,0,0,0,0,0,0,TRUE,0,0,0,TRUE,TRUE,0,,0
12783,0,1,0,200,53,53,0,0,59,TRUE,0,0,53,TRUE,TRUE,95000,,5300
12784,0,0,0,0,0,0,0,0,0,TRUE,0,0,0,TRUE,TRUE,0,,0
12785,1,0,0,100,0,0,0,0,89,TRUE,0,0,0,TRUE,TRUE,65000,,0
12786,1,0,0,100,0,0,0,0,3,TRUE,0,0,0,TRUE,TRUE,65000,,0
12787,0,0,0,0,0,0,0,0,0,TRUE,0,0,0,TRUE,TRUE,0,,0
12789,0,1,0,200,95,95,16,0,185,TRUE,0,0,95,TRUE,TRUE,95000,0,9500
12790,0,0,1,400,143,143,114,0,185,TRUE,13.2,0,156,TRUE,TRUE,115000,0,14300
12792,1,0,0,100,0,0,0,0,2,TRUE,0,0,0,TRUE,TRUE,65000,,0
12808,1,0,0,100,3,3,0,0,2,TRUE,0,0,3,TRUE,TRUE,65000,,300
12809,0,0,1,400,141,141,32,0,178,TRUE,0,0,141,TRUE,TRUE,115000,0,14100
12810,1,0,0,100,24,24,0,0,38,TRUE,0,0,24,TRUE,TRUE,65000,,2400
12811,1,0,0,100,12,12,0,0,18,TRUE,0,0,12,TRUE,TRUE,65000,,1200
12814,1,0,0,100,12,12,20,0,26,TRUE,0,0,12,TRUE,TRUE,65000,0,1200
12815,1,0,0,100,10,10,0,0,40,TRUE,0,0,10,TRUE,TRUE,65000,,1000
12816,1,0,0,100,50,50,84,1,177,TRUE,28,1,79,TRUE,TRUE,65000,654.5454545,5100
12817,1,0,0,100,0,0,47,0,60,TRUE,31.4,0,28,TRUE,TRUE,65000,0,0
12819,1,0,0,100,5,5,0,0,14,TRUE,0,0,5,TRUE,TRUE,65000,,500
12820,1,0,0,100,0,0,0,0,15,TRUE,0,0,0,TRUE,TRUE,65000,,0
12821,1,0,0,100,4,4,8,0,17,TRUE,0,0,4,TRUE,TRUE,65000,0,400
12822,0,1,1,600,282,282,60,0,458,TRUE,0,0,282,TRUE,TRUE,210000,0,28200
12823,1,0,0,100,0,0,0,0,27,TRUE,0,0,0,TRUE,TRUE,65000,,0
12824,1,0,0,100,42,42,0,0,34,TRUE,0,0,42,TRUE,TRUE,65000,,4200
12827,1,0,1,500,220,220,0,0,184,TRUE,0,0,220,TRUE,TRUE,180000,,22000
12828,0,0,1,400,95,95,288,0,531,TRUE,132.4,0,227,TRUE,TRUE,115000,0,9500
12833,0,0,1,400,197,197,35,0,254,TRUE,11.4,0,208,TRUE,TRUE,115000,0,19700
12835,1,0,0,100,43,43,0,0,61,TRUE,0,0,43,TRUE,TRUE,65000,,4300
12836,1,0,0,100,2,2,0,0,7,TRUE,0,0,2,TRUE,TRUE,65000,,200
12837,1,0,0,100,9,9,0,0,63,TRUE,0,0,9,TRUE,TRUE,65000,,900
12838,1,0,0,100,25,25,0,0,52,TRUE,0,0,25,TRUE,TRUE,65000,,2500
12841,0,0,0,0,0,0,0,0,0,TRUE,0,0,0,TRUE,TRUE,0,,0
12842,1,0,0,100,18,18,16,0,34,TRUE,0,0,18,TRUE,TRUE,65000,0,1800
12843,1,0,0,100,16,16,0,0,66,TRUE,0,0,16,TRUE,TRUE,65000,,1600
12844,1,0,0,100,0,0,0,0,8,TRUE,0,0,0,TRUE,TRUE,65000,,0
12845,0,0,1,400,140,140,33,0,168,TRUE,0,0,140,TRUE,TRUE,115000,0,14000
12846,1,0,0,100,36,36,60,0,106,TRUE,12,0,48,TRUE,TRUE,65000,0,3600
12847,1,0,0,100,18,18,0,0,20,TRUE,0,0,18,TRUE,TRUE,65000,,1800
12850,0,1,0,200,69,69,0,0,99,TRUE,0,0,69,TRUE,TRUE,95000,,6900
12851,1,0,0,100,14,14,0,0,21,TRUE,0,0,14,TRUE,TRUE,65000,,1400
12852,1,0,0,100,3,3,0,0,12,TRUE,0,0,3,TRUE,TRUE,65000,,300
12853,0,1,0,200,33,33,0,0,123,TRUE,0,0,33,TRUE,TRUE,95000,,3300
12854,1,0,0,100,21,21,0,0,17,TRUE,0,0,21,TRUE,TRUE,65000,,2100
12855,1,0,0,100,6,6,0,0,11,TRUE,0,0,6,TRUE,TRUE,65000,,600
12856,1,0,0,100,0,0,0,0,5,TRUE,0,0,0,TRUE,TRUE,65000,,0
12857,1,0,0,100,11,11,0,0,22,TRUE,0,0,11,TRUE,TRUE,65000,,1100
12858,1,0,0,100,0,0,0,0,1,TRUE,0,0,0,TRUE,TRUE,65000,,0
12859,0,1,0,200,82,82,0,0,125,TRUE,0,0,82,TRUE,TRUE,95000,,8200
12860,1,0,0,100,24,24,0,0,29,TRUE,0,0,24,TRUE,TRUE,65000,,2400
12861,1,0,0,100,18,18,0,0,31,TRUE,0,0,18,TRUE,TRUE,65000,,1800
12862,1,0,0,100,0,0,0,0,12,TRUE,0,0,0,TRUE,TRUE,65000,,0
12863,1,0,0,100,8,8,0,0,71,TRUE,0,0,8,TRUE,TRUE,65000,,800
12864,0,0,0,0,0,0,0,0,0,TRUE,0,0,0,TRUE,TRUE,0,,0
12865,0,0,1,400,135,135,24,0,235,TRUE,0,0,135,TRUE,TRUE,115000,0,13500
12866,0,0,2,800,400,400,981,98,1296,TRUE,334.2,98,832,TRUE,TRUE,230000,58485.30197,49800
12870,1,0,0,100,30,30,30,0,65,TRUE,0,0,30,TRUE,TRUE,65000,0,3000
12872,0,0,0,0,0,0,0,0,0,TRUE,0,0,0,TRUE,TRUE,0,,0
12873,1,0,0,100,48,48,0,0,36,TRUE,0,0,48,TRUE,TRUE,65000,,4800
12874,1,0,0,100,0,0,0,0,2,TRUE,0,0,0,TRUE,TRUE,65000,,0
12878,1,0,0,100,17,17,0,0,54,TRUE,0,0,17,TRUE,TRUE,65000,,1700
12884,1,0,0,100,32,32,0,0,40,TRUE,0,0,32,TRUE,TRUE,65000,,3200
12885,0,1,0,200,37,37,122,1,323,TRUE,57.6,1,95,TRUE,TRUE,95000,477.7777778,3800
12886,1,0,0,100,0,0,0,0,5,TRUE,0,0,0,TRUE,TRUE,65000,,0
12887,1,0,1,500,216,216,71,0,408,TRUE,31.4,0,247,TRUE,TRUE,180000,0,21600
12910,0,1,0,200,48,48,0,0,120,TRUE,0,0,48,TRUE,TRUE,95000,,4800
12911,0,0,0,0,0,0,0,0,0,TRUE,0,0,0,TRUE,TRUE,0,,0
12912,1,0,0,100,12,12,44,0,113,TRUE,12,0,24,TRUE,TRUE,65000,0,1200
12914,1,0,0,100,28,28,16,0,61,TRUE,0,0,28,TRUE,TRUE,65000,0,2800
12915,0,0,0,0,0,0,0,0,0,TRUE,0,0,0,TRUE,TRUE,0,,0
12916,0,1,0,200,64,64,64,0,208,TRUE,12,0,76,TRUE,TRUE,95000,0,6400
12917,1,0,0,100,40,40,0,0,100,TRUE,0,0,40,TRUE,TRUE,65000,,4000
12919,0,1,0,200,100,100,49,6,161,TRUE,10.2,6,116,TRUE,TRUE,95000,11712.94118,10600
12920,0,1,0,200,95,95,44,0,127,TRUE,0,0,95,TRUE,TRUE,95000,0,9500
12922,1,0,0,100,2,2,0,0,2,TRUE,0,0,2,TRUE,TRUE,65000,,200
12923,1,0,0,100,24,24,16,0,41,TRUE,0,0,24,TRUE,TRUE,65000,0,2400
12924,1,0,0,100,0,0,0,0,13,TRUE,0,0,0,TRUE,TRUE,65000,,0
12927,1,0,0,100,0,0,0,0,2,TRUE,0,0,0,TRUE,TRUE,65000,,0
12928,0,1,0,200,64,64,0,0,128,TRUE,0,0,64,TRUE,TRUE,95000,,6400
12929,1,0,0,100,43,43,8,0,63,TRUE,0,0,43,TRUE,TRUE,65000,0,4300
12930,0,1,0,200,78,78,0,0,87,TRUE,0,0,78,TRUE,TRUE,95000,,7800
12933,0,0,0,0,0,0,0,0,0,TRUE,0,0,0,TRUE,TRUE,0,,0
12934,0,1,0,200,55,55,8,0,104,TRUE,0,0,55,TRUE,TRUE,95000,0,5500
12935,1,0,0,100,24,24,34,0,99,TRUE,10.8,0,34,TRUE,TRUE,65000,0,2400
12936,1,0,0,100,8,8,16,0,22,TRUE,0,0,8,TRUE,TRUE,65000,0,800
12937,0,1,0,200,51,51,16,0,141,TRUE,0,0,51,TRUE,TRUE,95000,0,5100
12944,1,0,0,100,0,0,155,6,261,TRUE,89.4,0,89,TRUE,TRUE,65000,2191.735537,0
12945,1,0,0,100,14,14,0,0,47,TRUE,0,0,14,TRUE,TRUE,65000,,1400
12950,1,0,0,100,18,18,32,0,40,TRUE,0,0,18,TRUE,TRUE,65000,0,1800
12952,1,0,0,100,20,20,0,0,43,TRUE,0,0,20,TRUE,TRUE,65000,,2000
12955,1,0,0,100,3,3,0,0,11,TRUE,0,0,3,TRUE,TRUE,65000,,300
12956,1,0,0,100,27,27,20,0,61,TRUE,12,0,39,TRUE,TRUE,65000,0,2700
12957,0,1,0,200,38,38,0,0,153,TRUE,0,0,38,TRUE,TRUE,95000,,3800
12958,1,0,0,100,28,28,32,0,124,TRUE,0,0,28,TRUE,TRUE,65000,0,2800
12959,1,0,0,100,48,48,8,0,94,TRUE,0,0,48,TRUE,TRUE,65000,0,4800
12960,0,1,0,200,64,64,16,0,53,TRUE,0,0,64,TRUE,TRUE,95000,0,6400
12961,0,0,0,0,0,0,0,0,0,TRUE,0,0,0,TRUE,TRUE,0,,0
12964,0,0,0,0,0,0,0,0,0,TRUE,0,0,0,TRUE,TRUE,0,,0
12965,1,0,0,100,7,7,0,0,21,TRUE,0,0,7,TRUE,TRUE,65000,,700
12966,0,0,1,400,197,197,0,0,356,TRUE,0,0,197,TRUE,TRUE,115000,,19700
12967,1,0,0,100,34,34,0,0,93,TRUE,0,0,34,TRUE,TRUE,65000,,3400
12969,1,0,0,100,0,0,0,0,8,TRUE,0,0,0,TRUE,TRUE,65000,,0
12970,1,0,0,100,4,4,0,0,8,TRUE,0,0,4,TRUE,TRUE,65000,,400
12972,0,1,1,600,284,284,88,0,383,TRUE,0,0,284,TRUE,TRUE,210000,0,28400
12973,1,0,0,100,4,4,0,0,11,TRUE,0,0,4,TRUE,TRUE,65000,,400
12975,1,0,0,100,8,8,0,0,7,TRUE,0,0,8,TRUE,TRUE,65000,,800
12976,1,0,0,100,4,4,0,0,4,TRUE,0,0,4,TRUE,TRUE,65000,,400
12978,1,0,0,100,6,6,0,0,10,TRUE,0,0,6,TRUE,TRUE,65000,,600
12979,1,0,0,100,39,39,136,0,140,TRUE,54.8,0,93,TRUE,TRUE,65000,0,3900
12980,1,0,0,100,6,6,0,0,31,TRUE,0,0,6,TRUE,TRUE,65000,,600
12986,1,0,0,100,50,50,128,13,205,TRUE,33.6,13,96,TRUE,TRUE,65000,17811.22807,6300
12987,1,0,0,100,5,5,0,0,4,TRUE,0,0,5,TRUE,TRUE,65000,,500
12989,1,0,0,100,19,19,0,0,34,TRUE,0,0,19,TRUE,TRUE,65000,,1900
12992,0,0,1,400,148,148,48,0,231,TRUE,0,0,148,TRUE,TRUE,115000,0,14800
12996,1,0,0,100,10,10,35,0,97,TRUE,29,0,39,TRUE,TRUE,65000,0,1000
12997,1,0,0,100,16,16,0,0,26,TRUE,0,0,16,TRUE,TRUE,65000,,1600
12998,1,0,0,100,0,0,0,0,48,TRUE,0,0,0,TRUE,TRUE,65000,,0
13024,0,0,0,0,0,0,0,0,0,TRUE,0,0,0,TRUE,TRUE,0,,0
13026,1,0,0,100,18,18,0,0,49,TRUE,0,0,18,TRUE,TRUE,65000,,1800
13027,0,0,5,2000,1000,1000,859,60,1921,TRUE,216.8,60,1276,TRUE,TRUE,575000,27104.44638,106000
13028,1,0,0,100,26,26,0,0,61,TRUE,0,0,26,TRUE,TRUE,65000,,2600
13029,0,0,2,800,400,400,76,2,515,TRUE,0,2,402,TRUE,TRUE,230000,1066.666667,40200
13030,0,0,1,400,127,127,16,0,254,TRUE,0,0,127,TRUE,TRUE,115000,0,12700
13034,0,1,0,200,100,100,0,0,105,TRUE,0,0,100,TRUE,TRUE,95000,,10000
13035,1,0,0,100,50,50,236,4,289,TRUE,115.6,4,169,TRUE,TRUE,65000,1616.326531,5400
13036,0,1,1,600,300,300,238,24,443,TRUE,0,24,324,TRUE,TRUE,210000,11600,32400
13040,0,1,0,200,83,83,0,0,176,TRUE,0,0,83,TRUE,TRUE,95000,,8300
13042,1,0,0,100,42,42,0,0,74,TRUE,0,0,42,TRUE,TRUE,65000,,4200
13044,0,0,1,400,152,152,79,0,163,TRUE,0,0,152,TRUE,TRUE,115000,0,15200
13045,0,0,2,800,400,400,944,38,1098,TRUE,404.8,38,842,TRUE,TRUE,230000,15437.72446,43800
13051,0,0,0,0,0,0,0,0,0,TRUE,0,0,0,TRUE,TRUE,0,,0
13052,0,1,0,200,72,72,8,0,92,TRUE,0,0,72,TRUE,TRUE,95000,0,7200
13053,1,0,0,100,50,50,186,30,204,TRUE,134,30,214,TRUE,TRUE,65000,29989.92826,8000
13060,0,0,1,400,139,139,61,0,141,TRUE,0,0,139,TRUE,TRUE,115000,0,13900
13061,1,0,0,100,11,11,0,0,31,TRUE,0,0,11,TRUE,TRUE,65000,,1100
13062,1,0,0,100,18,18,0,0,9,TRUE,0,0,18,TRUE,TRUE,65000,,1800
13065,1,0,0,100,0,0,0,0,17,TRUE,0,0,0,TRUE,TRUE,65000,,0
13066,0,0,2,800,400,400,378,61,633,TRUE,106.6,61,567,TRUE,TRUE,230000,54109.4053,46100
13068,0,1,0,200,100,100,129,4,196,TRUE,0,4,104,TRUE,TRUE,95000,1895.890411,10400
13069,1,0,4,1700,850,850,563,45,1864,TRUE,112.4,45,1007,TRUE,TRUE,525000,23555.55556,89500
13071,1,0,0,100,48,48,16,0,53,TRUE,0,0,48,TRUE,TRUE,65000,0,4800
13072,1,0,0,100,20,20,0,0,44,TRUE,0,0,20,TRUE,TRUE,65000,,2000
13073,0,0,2,800,330,330,147,0,404,TRUE,47.2,0,377,TRUE,TRUE,230000,0,33000
13074,0,0,1,400,137,137,40,0,323,TRUE,0,0,137,TRUE,TRUE,115000,0,13700
13078,0,0,2,800,394,394,24,0,605,TRUE,0,0,394,TRUE,TRUE,230000,0,39400
13080,0,0,1,400,134,134,24,0,147,TRUE,0,0,134,TRUE,TRUE,115000,0,13400
13081,1,0,0,100,34,34,0,0,52,TRUE,0,0,34,TRUE,TRUE,65000,,3400
13082,0,0,1,400,136,136,0,0,241,TRUE,0,0,136,TRUE,TRUE,115000,,13600
13083,0,1,0,200,60,60,0,0,125,TRUE,0,0,60,TRUE,TRUE,95000,,6000
13087,1,0,0,100,0,0,0,0,3,TRUE,0,0,0,TRUE,TRUE,65000,,0
13092,0,0,1,400,107,107,8,0,197,TRUE,0,0,107,TRUE,TRUE,115000,0,10700
13101,0,1,0,200,77,77,64,0,261,TRUE,0,0,77,TRUE,TRUE,95000,0,7700
13102,0,0,0,0,0,0,0,0,0,TRUE,0,0,0,TRUE,TRUE,0,,0
13103,1,0,0,100,4,4,0,0,11,TRUE,0,0,4,TRUE,TRUE,65000,,400
13108,1,0,0,100,50,50,149,14,224,TRUE,43,14,107,TRUE,TRUE,65000,9484.150943,6400
13110,0,1,0,200,77,77,0,0,92,TRUE,0,0,77,TRUE,TRUE,95000,,7700
13111,0,1,0,200,65,65,0,0,200,TRUE,0,0,65,TRUE,TRUE,95000,,6500
13112,0,1,0,200,60,60,8,0,114,TRUE,0,0,60,TRUE,TRUE,95000,0,6000
13113,0,0,0,0,0,0,0,0,0,TRUE,0,0,0,TRUE,TRUE,0,,0
13114,0,0,1,400,200,200,97,5,358,TRUE,0,5,205,TRUE,TRUE,115000,2694.915254,20500
13115,1,0,0,100,0,0,0,0,16,TRUE,0,0,0,TRUE,TRUE,65000,,0
13117,1,0,0,100,2,2,0,0,16,TRUE,0,0,2,TRUE,TRUE,65000,,200
13118,0,1,0,200,100,100,84,0,225,TRUE,22.2,0,122,TRUE,TRUE,95000,0,10000
13119,0,0,0,0,0,0,0,0,0,TRUE,0,0,0,TRUE,TRUE,0,,0
13120,0,1,0,200,80,80,44,0,139,TRUE,4.8,0,84,TRUE,TRUE,95000,0,8000
13121,0,0,0,0,0,0,0,0,0,TRUE,0,0,0,TRUE,TRUE,0,,0
13122,1,0,0,100,20,20,0,0,28,TRUE,0,0,20,TRUE,TRUE,65000,,2000
13123,0,0,0,0,0,0,0,0,0,TRUE,0,0,0,TRUE,TRUE,0,,0
13124,1,0,0,100,2,2,0,0,4,TRUE,0,0,2,TRUE,TRUE,65000,,200
13131,0,0,1,400,112,112,8,0,140,TRUE,0,0,112,TRUE,TRUE,115000,0,11200
13132,0,1,0,200,84,84,8,0,131,TRUE,0,0,84,TRUE,TRUE,95000,0,8400
13134,1,0,0,100,0,0,0,0,1,TRUE,0,0,0,TRUE,TRUE,65000,,0
13135,1,0,1,500,250,250,244,8,367,TRUE,91.6,8,349,TRUE,TRUE,180000,3460.465116,25800
13136,1,0,0,100,16,16,0,0,41,TRUE,0,0,16,TRUE,TRUE,65000,,1600
13138,1,0,0,100,0,0,0,0,5,TRUE,0,0,0,TRUE,TRUE,65000,,0
13140,0,0,1,400,90,90,0,0,280,TRUE,0,0,90,TRUE,TRUE,115000,,9000
13141,1,0,0,100,46,46,0,0,39,TRUE,0,0,46,TRUE,TRUE,65000,,4600
13142,0,0,1,400,158,158,56,0,231,TRUE,0,0,158,TRUE,TRUE,115000,0,15800
13143,1,0,0,100,50,50,166,6,271,TRUE,84.4,6,140,TRUE,TRUE,65000,1922.891566,5600
13144,0,1,0,200,66,66,0,0,128,TRUE,0,0,66,TRUE,TRUE,95000,,6600
13145,0,1,0,200,80,80,66,0,147,TRUE,0,0,80,TRUE,TRUE,95000,0,8000
13146,0,1,0,200,90,90,24,0,185,TRUE,0,0,90,TRUE,TRUE,95000,0,9000
13147,1,0,0,100,39,39,0,0,39,TRUE,0,0,39,TRUE,TRUE,65000,,3900
13148,1,0,1,500,250,250,235,11,708,TRUE,80.2,11,341,TRUE,TRUE,180000,5353.580673,26100
13152,0,0,1,400,200,200,210,2,350,TRUE,60.8,2,262,TRUE,TRUE,115000,784.6153846,20200
13153,1,0,0,100,30,30,8,0,43,TRUE,0,0,30,TRUE,TRUE,65000,0,3000
13154,0,0,0,0,0,0,0,0,0,TRUE,0,0,0,TRUE,TRUE,0,,0
13155,1,0,0,100,15,15,10,0,37,TRUE,0,0,15,TRUE,TRUE,65000,0,1500
13156,0,1,0,200,61,61,0,0,74,TRUE,0,0,61,TRUE,TRUE,95000,,6100
13157,1,0,0,100,16,16,0,0,21,TRUE,0,0,16,TRUE,TRUE,65000,,1600
13158,1,0,0,100,34,34,0,0,58,TRUE,0,0,34,TRUE,TRUE,65000,,3400
13160,0,1,0,200,70,70,26,0,127,TRUE,0,0,70,TRUE,TRUE,95000,0,7000
13162,1,0,0,100,26,26,0,0,28,TRUE,0,0,26,TRUE,TRUE,65000,,2600
13163,1,0,0,100,5,5,0,0,8,TRUE,0,0,5,TRUE,TRUE,65000,,500
13164,0,0,1,400,138,138,16,0,204,TRUE,0,0,138,TRUE,TRUE,115000,0,13800
13166,0,0,1,400,160,160,48,0,241,TRUE,0,0,160,TRUE,TRUE,115000,0,16000
13167,0,1,0,200,73,73,20,0,132,TRUE,12,0,85,TRUE,TRUE,95000,0,7300
13202,0,0,1,400,200,200,252,11,615,TRUE,172.8,11,383,TRUE,TRUE,115000,3841.791045,21100
13204,0,0,3,1200,523,523,889,0,1988,TRUE,329.6,0,852,TRUE,TRUE,345000,0,52300
13208,0,0,5,2000,1000,1000,625,1,2471,TRUE,213,1,1214,TRUE,TRUE,575000,321.2121212,100100
13209,0,0,3,1200,553,553,233,0,942,TRUE,59.4,0,612,TRUE,TRUE,345000,0,55300
13211,0,0,1,400,183,183,76,0,460,TRUE,21.6,0,204,TRUE,TRUE,115000,0,18300
13215,1,0,1,500,250,250,396,40,672,TRUE,218,40,508,TRUE,TRUE,180000,18233.58756,29000
13290,0,0,0,0,0,0,0,0,0,TRUE,0,0,0,TRUE,TRUE,0,,0
13301,1,0,0,100,6,6,0,0,10,TRUE,0,0,6,TRUE,TRUE,65000,,600
13302,0,1,0,200,79,79,0,0,119,TRUE,0,0,79,TRUE,TRUE,95000,,7900
13303,1,0,0,100,22,22,8,0,42,TRUE,0,0,22,TRUE,TRUE,65000,0,2200
13305,0,0,0,0,0,0,0,0,0,TRUE,0,0,0,TRUE,TRUE,0,,0
13308,0,0,1,400,94,94,0,0,323,TRUE,0,0,94,TRUE,TRUE,115000,,9400
13310,1,0,0,100,27,27,0,0,20,TRUE,0,0,27,TRUE,TRUE,65000,,2700
13312,1,0,0,100,8,8,0,0,8,TRUE,0,0,8,TRUE,TRUE,65000,,800
13313,1,0,0,100,16,16,0,0,27,TRUE,0,0,16,TRUE,TRUE,65000,,1600
13314,1,0,0,100,0,0,0,0,22,TRUE,0,0,0,TRUE,TRUE,65000,,0
13315,1,0,0,100,34,34,38,0,76,TRUE,18,0,52,TRUE,TRUE,65000,0,3400
13316,0,0,1,400,173,173,66,0,422,TRUE,25.2,0,198,TRUE,TRUE,115000,0,17300
13317,1,0,1,500,212,212,24,0,452,TRUE,0,0,212,TRUE,TRUE,180000,0,21200
13320,0,1,0,200,88,88,0,0,90,TRUE,0,0,88,TRUE,TRUE,95000,,8800
13321,1,0,0,100,0,0,16,0,41,TRUE,0,0,0,TRUE,TRUE,65000,0,0
13322,1,0,0,100,39,39,0,0,54,TRUE,0,0,39,TRUE,TRUE,65000,,3900
13324,1,0,0,100,38,38,0,0,75,TRUE,0,0,38,TRUE,TRUE,65000,,3800
13325,0,1,0,200,51,51,0,0,80,TRUE,0,0,51,TRUE,TRUE,95000,,5100
13328,1,0,0,100,42,42,0,0,73,TRUE,0,0,42,TRUE,TRUE,65000,,4200
13329,0,0,1,400,104,104,26,0,261,TRUE,0,0,104,TRUE,TRUE,115000,0,10400
13331,0,0,0,0,0,0,0,0,0,TRUE,0,0,0,TRUE,TRUE,0,,0
13332,0,1,1,600,252,252,8,0,395,TRUE,0,0,252,TRUE,TRUE,210000,0,25200
13333,1,0,0,100,0,0,0,0,1,TRUE,0,0,0,TRUE,TRUE,65000,,0
13334,1,0,0,100,40,40,0,0,62,TRUE,0,0,40,TRUE,TRUE,65000,,4000
13335,0,1,0,200,85,85,0,0,118,TRUE,0,0,85,TRUE,TRUE,95000,,8500
13337,1,0,0,100,2,2,0,0,21,TRUE,0,0,2,TRUE,TRUE,65000,,200
13338,1,0,0,100,14,14,8,0,90,TRUE,0,0,14,TRUE,TRUE,65000,0,1400
13339,0,0,2,800,332,332,80,0,579,TRUE,0,0,332,TRUE,TRUE,230000,0,33200
13340,1,0,1,500,250,250,72,5,396,TRUE,4.8,5,259,TRUE,TRUE,180000,4100,25500
13342,1,0,0,100,33,33,0,0,30,TRUE,0,0,33,TRUE,TRUE,65000,,3300
13343,1,0,0,100,36,36,16,0,73,TRUE,9.6,0,45,TRUE,TRUE,65000,0,3600
13345,1,0,0,100,16,16,0,0,11,TRUE,0,0,16,TRUE,TRUE,65000,,1600
13346,1,0,0,100,50,50,146,7,189,TRUE,67.6,7,124,TRUE,TRUE,65000,2955.555556,5700
13348,1,0,0,100,49,49,8,0,70,TRUE,0,0,49,TRUE,TRUE,65000,0,4900
13350,0,0,1,400,127,127,135,0,425,TRUE,63.8,0,190,TRUE,TRUE,115000,0,12700
13352,1,0,0,100,0,0,0,0,6,TRUE,0,0,0,TRUE,TRUE,65000,,0
13353,1,0,0,100,2,2,0,0,3,TRUE,0,0,2,TRUE,TRUE,65000,,200
13354,0,0,1,400,184,184,0,0,216,TRUE,0,0,184,TRUE,TRUE,115000,,18400
13355,0,1,0,200,78,78,16,0,78,TRUE,0,0,78,TRUE,TRUE,95000,0,7800
13357,0,0,2,800,283,283,124,0,852,TRUE,0,0,283,TRUE,TRUE,230000,0,28300
13360,1,0,0,100,0,0,0,0,5,TRUE,0,0,0,TRUE,TRUE,65000,,0
13361,1,0,0,100,30,30,0,0,33,TRUE,0,0,30,TRUE,TRUE,65000,,3000
13363,0,0,1,400,120,120,0,0,144,TRUE,0,0,120,TRUE,TRUE,115000,,12000
13364,1,0,0,100,0,0,0,0,1,TRUE,0,0,0,TRUE,TRUE,65000,,0
13365,0,0,2,800,354,354,184,0,813,TRUE,31,0,385,TRUE,TRUE,230000,0,35400
13367,0,0,1,400,200,200,261,16,385,TRUE,86.2,16,302,TRUE,TRUE,115000,7834.099617,21600
13368,1,0,0,100,40,40,38,0,96,TRUE,22.8,0,62,TRUE,TRUE,65000,0,4000
13402,1,0,0,100,27,27,10,0,59,TRUE,0,0,27,TRUE,TRUE,65000,0,2700
13404,1,0,0,100,5,5,0,0,10,TRUE,0,0,5,TRUE,TRUE,65000,,500
13406,1,0,0,100,18,18,0,0,47,TRUE,0,0,18,TRUE,TRUE,65000,,1800
13408,1,0,0,100,12,12,89,0,144,TRUE,52.4,0,64,TRUE,TRUE,65000,0,1200
13410,1,0,0,100,11,11,0,0,11,TRUE,0,0,11,TRUE,TRUE,65000,,1100
13411,0,1,0,200,95,95,81,0,173,TRUE,10.2,0,105,TRUE,TRUE,95000,0,9500
13413,0,0,1,400,188,188,374,0,669,TRUE,151.6,0,339,TRUE,TRUE,115000,0,18800
13415,0,0,0,0,0,0,0,0,0,TRUE,0,0,0,TRUE,TRUE,0,,0
13416,0,1,0,200,92,92,16,0,120,TRUE,0,0,92,TRUE,TRUE,95000,0,9200
13417,1,0,0,100,50,50,20,4,106,TRUE,0,4,54,TRUE,TRUE,65000,8000,5400
13418,1,0,0,100,2,2,0,0,2,TRUE,0,0,2,TRUE,TRUE,65000,,200
13421,0,0,2,800,351,351,354,0,953,TRUE,113.4,0,464,TRUE,TRUE,230000,0,35100
13425,0,1,0,200,64,64,0,0,114,TRUE,0,0,64,TRUE,TRUE,95000,,6400
13428,1,0,0,100,40,40,0,0,82,TRUE,0,0,40,TRUE,TRUE,65000,,4000
13433,0,1,0,200,96,96,0,0,197,TRUE,0,0,96,TRUE,TRUE,95000,,9600
13436,1,0,0,100,2,2,0,0,4,TRUE,0,0,2,TRUE,TRUE,65000,,200
13437,1,0,0,100,14,14,0,0,15,TRUE,0,0,14,TRUE,TRUE,65000,,1400
13438,0,1,0,200,93,93,0,0,129,TRUE,0,0,93,TRUE,TRUE,95000,,9300
13439,0,0,1,400,154,154,15,0,281,TRUE,9,0,163,TRUE,TRUE,115000,0,15400
13450,1,0,0,100,24,24,0,0,20,TRUE,0,0,24,TRUE,TRUE,65000,,2400
13452,0,0,1,400,177,177,36,0,374,TRUE,12,0,189,TRUE,TRUE,115000,0,17700
13454,1,0,0,100,24,24,0,0,37,TRUE,0,0,24,TRUE,TRUE,65000,,2400
13455,1,0,0,100,2,2,0,0,7,TRUE,0,0,2,TRUE,TRUE,65000,,200
13456,0,0,1,400,170,170,16,0,261,TRUE,0,0,170,TRUE,TRUE,115000,0,17000
13457,1,0,0,100,0,0,0,0,1,TRUE,0,0,0,TRUE,TRUE,65000,,0
13459,0,1,0,200,60,60,36,0,170,TRUE,12,0,72,TRUE,TRUE,95000,0,6000
13461,0,0,1,400,144,144,68,0,151,TRUE,0,0,144,TRUE,TRUE,115000,0,14400
13464,1,0,0,100,28,28,0,0,97,TRUE,0,0,28,TRUE,TRUE,65000,,2800
13468,1,0,0,100,9,9,0,0,18,TRUE,0,0,9,TRUE,TRUE,65000,,900
13469,1,0,0,100,12,12,16,0,42,TRUE,0,0,12,TRUE,TRUE,65000,0,1200
13470,1,0,0,100,26,26,0,0,47,TRUE,0,0,26,TRUE,TRUE,65000,,2600
13471,0,0,1,400,140,140,0,0,266,TRUE,0,0,140,TRUE,TRUE,115000,,14000
13472,0,1,0,200,64,64,0,0,53,TRUE,0,0,64,TRUE,TRUE,95000,,6400
13473,1,0,0,100,50,50,60,2,80,TRUE,0,2,52,TRUE,TRUE,65000,1066.666667,5200
13475,1,0,0,100,2,2,0,0,2,TRUE,0,0,2,TRUE,TRUE,65000,,200
13476,0,0,1,400,126,126,0,0,144,TRUE,0,0,126,TRUE,TRUE,115000,,12600
13477,1,0,0,100,46,46,0,0,81,TRUE,0,0,46,TRUE,TRUE,65000,,4600
13478,0,1,0,200,100,100,88,8,91,TRUE,0,8,108,TRUE,TRUE,95000,8300,10800
13480,0,1,0,200,93,93,52,0,167,TRUE,0,0,93,TRUE,TRUE,95000,0,9300
13482,1,0,0,100,0,0,0,0,4,TRUE,0,0,0,TRUE,TRUE,65000,,0
13483,1,0,0,100,28,28,0,0,40,TRUE,0,0,28,TRUE,TRUE,65000,,2800
13484,0,0,0,0,0,0,0,0,0,TRUE,0,0,0,TRUE,TRUE,0,,0
13485,0,1,0,200,69,69,0,0,162,TRUE,0,0,69,TRUE,TRUE,95000,,6900
13486,1,0,0,100,48,48,0,0,42,TRUE,0,0,48,TRUE,TRUE,65000,,4800
13488,0,0,0,0,0,0,0,0,0,TRUE,0,0,0,TRUE,TRUE,0,,0
13489,1,0,0,100,7,7,0,0,18,TRUE,0,0,7,TRUE,TRUE,65000,,700
13491,0,0,1,400,142,142,48,0,185,TRUE,10.8,0,152,TRUE,TRUE,115000,0,14200
13493,0,0,1,400,150,150,0,0,231,TRUE,0,0,150,TRUE,TRUE,115000,,15000
13494,1,0,0,100,11,11,0,0,10,TRUE,0,0,11,TRUE,TRUE,65000,,1100
13602,0,0,0,0,0,0,0,0,0,TRUE,0,0,0,TRUE,TRUE,0,,0
13603,1,0,9,3700,1823,1823,0,0,2523,TRUE,0,0,1823,TRUE,TRUE,1100000,,182300
13606,0,1,0,200,70,70,77,0,130,TRUE,10.2,0,80,TRUE,TRUE,95000,0,7000
13607,1,0,0,100,28,28,0,0,44,TRUE,0,0,28,TRUE,TRUE,65000,,2800
13608,0,1,0,200,78,78,50,0,139,TRUE,0,0,78,TRUE,TRUE,95000,0,7800
13611,1,0,0,100,20,20,8,0,48,TRUE,0,0,20,TRUE,TRUE,65000,0,2000
13612,0,1,0,200,63,63,36,0,113,TRUE,0,0,63,TRUE,TRUE,95000,0,6300
13613,1,0,0,100,50,50,74,4,172,TRUE,44.6,4,98,TRUE,TRUE,65000,2203.508772,5400
13614,1,0,0,100,16,16,0,0,28,TRUE,0,0,16,TRUE,TRUE,65000,,1600
13618,0,1,0,200,66,66,0,0,93,TRUE,0,0,66,TRUE,TRUE,95000,,6600
13620,0,0,1,400,122,122,126,0,240,TRUE,18.6,0,140,TRUE,TRUE,115000,0,12200
13621,0,1,0,200,62,62,0,0,81,TRUE,0,0,62,TRUE,TRUE,95000,,6200
13622,0,1,0,200,64,64,8,0,123,TRUE,0,0,64,TRUE,TRUE,95000,0,6400
13623,1,0,0,100,3,3,0,0,2,TRUE,0,0,3,TRUE,TRUE,65000,,300
13628,1,0,0,100,32,32,0,0,47,TRUE,0,0,32,TRUE,TRUE,65000,,3200
13632,0,0,0,0,0,0,0,0,0,TRUE,0,0,0,TRUE,TRUE,0,,0
13633,1,0,0,100,15,15,0,0,41,TRUE,0,0,15,TRUE,TRUE,65000,,1500
13634,0,1,0,200,95,95,41,0,207,TRUE,10.2,0,105,TRUE,TRUE,95000,0,9500
13635,0,1,0,200,54,54,0,0,118,TRUE,0,0,54,TRUE,TRUE,95000,,5400
13636,1,0,0,100,12,12,0,0,25,TRUE,0,0,12,TRUE,TRUE,65000,,1200
13638,1,0,0,100,0,0,0,0,38,TRUE,0,0,0,TRUE,TRUE,65000,,0
13639,0,0,0,0,0,0,0,0,0,TRUE,0,0,0,TRUE,TRUE,0,,0
13640,1,0,0,100,7,7,0,0,13,TRUE,0,0,7,TRUE,TRUE,65000,,700
13641,0,0,0,0,0,0,0,0,0,TRUE,0,0,0,TRUE,TRUE,0,,0
13643,1,0,0,100,18,18,0,0,18,TRUE,0,0,18,TRUE,TRUE,65000,,1800
13645,0,0,0,0,0,0,0,0,0,TRUE,0,0,0,TRUE,TRUE,0,,0
13646,0,1,0,200,67,67,16,0,164,TRUE,0,0,67,TRUE,TRUE,95000,0,6700
13647,1,0,0,100,0,0,0,0,6,TRUE,0,0,0,TRUE,TRUE,65000,,0
13648,1,0,0,100,5,5,44,0,82,TRUE,29.6,0,34,TRUE,TRUE,65000,0,500
13649,0,0,0,0,0,0,0,0,0,TRUE,0,0,0,TRUE,TRUE,0,,0
13650,1,0,0,100,44,44,0,0,68,TRUE,0,0,44,TRUE,TRUE,65000,,4400
13651,1,0,0,100,0,0,0,0,2,TRUE,0,0,0,TRUE,TRUE,65000,,0
13655,0,1,0,200,54,54,113,0,304,TRUE,83,0,137,TRUE,TRUE,95000,0,5400
13658,1,0,0,100,50,50,24,4,109,TRUE,0,4,54,TRUE,TRUE,65000,9210,5400
13659,1,0,0,100,13,13,0,0,22,TRUE,0,0,13,TRUE,TRUE,65000,,1300
13660,0,1,0,200,98,98,16,0,185,TRUE,0,0,98,TRUE,TRUE,95000,0,9800
13661,0,1,0,200,63,63,0,0,90,TRUE,0,0,63,TRUE,TRUE,95000,,6300
13664,1,0,0,100,8,8,0,0,14,TRUE,0,0,8,TRUE,TRUE,65000,,800
13665,1,0,0,100,18,18,0,0,63,TRUE,0,0,18,TRUE,TRUE,65000,,1800
13666,1,0,0,100,0,0,0,0,17,TRUE,0,0,0,TRUE,TRUE,65000,,0
13667,0,0,1,400,86,86,0,0,254,TRUE,0,0,86,TRUE,TRUE,115000,,8600
13668,0,1,0,200,100,100,70,6,170,TRUE,27.6,6,133,TRUE,TRUE,95000,4648.695652,10600
13670,1,0,0,100,15,15,0,0,19,TRUE,0,0,15,TRUE,TRUE,65000,,1500
13673,0,0,1,400,134,134,144,0,205,TRUE,0,0,134,TRUE,TRUE,115000,0,13400
13674,1,0,0,100,3,3,0,0,21,TRUE,0,0,3,TRUE,TRUE,65000,,300
13675,1,0,0,100,0,0,0,0,5,TRUE,0,0,0,TRUE,TRUE,65000,,0
13676,0,1,1,600,300,300,242,18,599,TRUE,131.2,18,449,TRUE,TRUE,210000,7517.056215,31800
13678,0,0,0,0,0,0,0,0,0,TRUE,0,0,0,TRUE,TRUE,0,,0
13679,0,1,0,200,62,62,0,0,93,TRUE,0,0,62,TRUE,TRUE,95000,,6200
13680,0,1,0,200,80,80,0,0,164,TRUE,0,0,80,TRUE,TRUE,95000,,8000
13681,0,1,0,200,44,44,0,0,112,TRUE,0,0,44,TRUE,TRUE,95000,,4400
13682,1,0,0,100,16,16,0,0,29,TRUE,0,0,16,TRUE,TRUE,65000,,1600
13683,0,0,0,0,0,0,0,0,0,TRUE,0,0,0,TRUE,TRUE,0,,0
13684,0,1,0,200,81,81,0,0,119,TRUE,0,0,81,TRUE,TRUE,95000,,8100
13685,1,0,0,100,46,46,20,0,74,TRUE,0,0,46,TRUE,TRUE,65000,0,4600
13687,1,0,0,100,30,30,0,0,22,TRUE,0,0,30,TRUE,TRUE,65000,,3000
13690,1,0,0,100,43,43,0,0,72,TRUE,0,0,43,TRUE,TRUE,65000,,4300
13692,1,0,0,100,0,0,0,0,8,TRUE,0,0,0,TRUE,TRUE,65000,,0
13693,1,0,0,100,4,4,0,0,3,TRUE,0,0,4,TRUE,TRUE,65000,,400
13694,0,1,0,200,58,58,8,0,93,TRUE,0,0,58,TRUE,TRUE,95000,0,5800
13695,0,0,0,0,0,0,0,0,0,TRUE,0,0,0,TRUE,TRUE,0,,0
13696,0,0,0,0,0,0,0,0,0,TRUE,0,0,0,TRUE,TRUE,0,,0
13697,0,1,0,200,40,40,0,0,118,TRUE,0,0,40,TRUE,TRUE,95000,,4000
13699,0,0,0,0,0,0,0,0,0,TRUE,0,0,0,TRUE,TRUE,0,,0
13730,0,1,0,200,82,82,8,0,184,TRUE,0,0,82,TRUE,TRUE,95000,0,8200
13731,1,0,0,100,34,34,0,0,27,TRUE,0,0,34,TRUE,TRUE,65000,,3400
13732,1,0,1,500,239,239,126,0,361,TRUE,19.2,0,258,TRUE,TRUE,180000,0,23900
13733,0,0,1,400,113,113,33,0,283,TRUE,10.2,0,123,TRUE,TRUE,115000,0,11300
13734,0,1,0,200,85,85,0,0,155,TRUE,0,0,85,TRUE,TRUE,95000,,8500
13736,0,1,0,200,51,51,0,0,129,TRUE,0,0,51,TRUE,TRUE,95000,,5100
13738,1,0,0,100,0,0,0,0,3,TRUE,0,0,0,TRUE,TRUE,65000,,0
13739,1,0,0,100,16,16,8,0,26,TRUE,0,0,16,TRUE,TRUE,65000,0,1600
13743,0,1,0,200,58,58,38,0,116,TRUE,4.8,0,62,TRUE,TRUE,95000,0,5800
13744,0,1,0,200,94,94,0,0,98,TRUE,0,0,94,TRUE,TRUE,95000,,9400
13746,1,0,0,100,49,49,8,0,78,TRUE,0,0,49,TRUE,TRUE,65000,0,4900
13747,0,0,0,0,0,0,0,0,0,TRUE,0,0,0,TRUE,TRUE,0,,0
13748,0,0,1,400,145,145,0,0,146,TRUE,0,0,145,TRUE,TRUE,115000,,14500
13750,1,0,0,100,23,23,24,0,31,TRUE,0,0,23,TRUE,TRUE,65000,0,2300
13752,1,0,0,100,25,25,0,0,39,TRUE,0,0,25,TRUE,TRUE,65000,,2500
13754,1,0,0,100,31,31,52,3,155,TRUE,39.2,0,70,TRUE,TRUE,65000,2364.705882,3100
13755,1,0,0,100,14,14,0,0,45,TRUE,0,0,14,TRUE,TRUE,65000,,1400
13756,1,0,0,100,26,26,0,0,33,TRUE,0,0,26,TRUE,TRUE,65000,,2600
13757,1,0,0,100,13,13,8,0,54,TRUE,0,0,13,TRUE,TRUE,65000,0,1300
13777,1,0,0,100,0,0,0,0,14,TRUE,0,0,0,TRUE,TRUE,65000,,0
13780,1,0,0,100,14,14,0,0,71,TRUE,0,0,14,TRUE,TRUE,65000,,1400
13782,1,0,0,100,9,9,16,0,27,TRUE,0,0,9,TRUE,TRUE,65000,0,900
13784,1,0,0,100,14,14,16,0,27,TRUE,0,0,14,TRUE,TRUE,65000,0,1400
13786,1,0,0,100,12,12,0,0,10,TRUE,0,0,12,TRUE,TRUE,65000,,1200
13787,0,1,0,200,70,70,63,0,241,TRUE,18.6,0,88,TRUE,TRUE,95000,0,7000
13788,1,0,0,100,10,10,0,0,44,TRUE,0,0,10,TRUE,TRUE,65000,,1000
13795,0,1,0,200,60,60,16,0,131,TRUE,0,0,60,TRUE,TRUE,95000,0,6000
13796,1,0,0,100,43,43,8,0,64,TRUE,0,0,43,TRUE,TRUE,65000,0,4300
13797,0,1,0,200,53,53,0,0,190,TRUE,0,0,53,TRUE,TRUE,95000,,5300
13801,1,0,0,100,32,32,0,0,65,TRUE,0,0,32,TRUE,TRUE,65000,,3200
13802,1,0,0,100,26,26,20,0,50,TRUE,0,0,26,TRUE,TRUE,65000,0,2600
13803,1,0,1,500,221,221,58,0,493,TRUE,30.8,0,251,TRUE,TRUE,180000,0,22100
13804,1,0,0,100,8,8,0,0,12,TRUE,0,0,8,TRUE,TRUE,65000,,800
13806,1,0,0,100,14,14,0,0,20,TRUE,0,0,14,TRUE,TRUE,65000,,1400
13807,1,0,0,100,22,22,8,0,53,TRUE,0,0,22,TRUE,TRUE,65000,0,2200
13808,1,0,0,100,25,25,17,0,65,TRUE,10.2,0,35,TRUE,TRUE,65000,0,2500
13809,0,0,1,400,124,124,0,0,146,TRUE,0,0,124,TRUE,TRUE,115000,,12400
13810,1,0,0,100,38,38,16,0,36,TRUE,0,0,38,TRUE,TRUE,65000,0,3800
13811,0,0,1,400,193,193,32,0,216,TRUE,9.6,0,202,TRUE,TRUE,115000,0,19300
13812,1,0,0,100,10,10,48,0,145,TRUE,25.6,0,35,TRUE,TRUE,65000,0,1000
13813,0,1,0,200,0,0,0,0,130,TRUE,0,0,0,TRUE,TRUE,95000,,0
13814,1,0,0,100,0,0,0,0,4,TRUE,0,0,0,TRUE,TRUE,65000,,0
13815,0,0,2,800,394,394,372,0,852,TRUE,51.4,0,445,TRUE,TRUE,230000,0,39400
13825,0,1,0,200,97,97,16,0,170,TRUE,0,0,97,TRUE,TRUE,95000,0,9700
13826,0,0,0,0,0,0,0,0,0,TRUE,0,0,0,TRUE,TRUE,0,,0
13827,1,0,1,500,250,250,242,10,545,TRUE,133.2,10,393,TRUE,TRUE,180000,3333.333333,26000
13830,0,0,1,400,87,87,85,0,363,TRUE,10.2,0,97,TRUE,TRUE,115000,0,8700
13832,1,0,0,100,20,20,0,0,33,TRUE,0,0,20,TRUE,TRUE,65000,,2000
13833,0,1,1,600,272,272,0,0,511,TRUE,0,0,272,TRUE,TRUE,210000,,27200
13834,0,0,0,0,0,0,0,0,0,TRUE,0,0,0,TRUE,TRUE,0,,0
13835,1,0,0,100,32,32,0,0,84,TRUE,0,0,32,TRUE,TRUE,65000,,3200
13838,0,0,0,0,0,0,287,53,340,TRUE,165.6,5,170,TRUE,TRUE,0,62111.33971,500
13839,0,1,0,200,45,45,8,0,126,TRUE,0,0,45,TRUE,TRUE,95000,0,4500
13841,1,0,0,100,29,29,0,0,61,TRUE,0,0,29,TRUE,TRUE,65000,,2900
13843,0,0,1,400,102,102,0,0,182,TRUE,0,0,102,TRUE,TRUE,115000,,10200
13844,1,0,0,100,43,43,0,0,62,TRUE,0,0,43,TRUE,TRUE,65000,,4300
13846,1,0,0,100,18,18,0,0,16,TRUE,0,0,18,TRUE,TRUE,65000,,1800
13847,0,0,0,0,0,0,0,0,0,TRUE,0,0,0,TRUE,TRUE,0,,0
13849,0,0,1,400,135,135,52,0,223,TRUE,12,0,147,TRUE,TRUE,115000,0,13500
13850,0,0,1,400,200,200,963,131,1075,TRUE,387.8,131,718,TRUE,TRUE,115000,73026.22123,33100
13856,0,0,1,400,166,166,127,0,404,TRUE,33,0,199,TRUE,TRUE,115000,0,16600
13859,1,0,0,100,0,0,0,0,10,TRUE,0,0,0,TRUE,TRUE,65000,,0
13860,1,0,0,100,5,5,0,0,19,TRUE,0,0,5,TRUE,TRUE,65000,,500
13861,1,0,0,100,0,0,0,0,18,TRUE,0,0,0,TRUE,TRUE,65000,,0
13862,1,0,0,100,0,0,191,0,262,TRUE,82,0,58,TRUE,TRUE,65000,0,0
13863,1,0,0,100,12,12,8,0,27,TRUE,0,0,12,TRUE,TRUE,65000,0,1200
13864,0,1,0,200,79,79,8,0,73,TRUE,0,0,79,TRUE,TRUE,95000,0,7900
13865,1,0,1,500,250,250,76,8,264,TRUE,0,8,258,TRUE,TRUE,180000,5466.666667,25800
13901,0,0,3,1200,600,600,473,48,1542,TRUE,174.4,48,822,TRUE,TRUE,345000,27489.91153,64800
13903,1,0,2,900,450,450,378,21,834,TRUE,145.2,21,616,TRUE,TRUE,295000,8291.329656,47100
14001,0,0,1,400,56,56,162,0,426,TRUE,109.2,0,165,TRUE,TRUE,115000,0,5600
14004,0,0,2,800,387,387,155,0,578,TRUE,90,0,477,TRUE,TRUE,230000,0,38700
14005,0,1,0,200,68,68,55,0,104,TRUE,0,0,68,TRUE,TRUE,95000,0,6800
14006,1,0,1,500,250,250,152,22,423,TRUE,33.6,22,305,TRUE,TRUE,180000,22423.63209,27200
14008,0,1,0,200,40,40,0,0,102,TRUE,0,0,40,TRUE,TRUE,95000,,4000
14009,0,0,1,400,95,95,122,0,364,TRUE,91.6,0,186,TRUE,TRUE,115000,0,9500
14011,1,0,1,500,250,250,140,12,299,TRUE,0,12,262,TRUE,TRUE,180000,6218.181818,26200
14012,0,0,1,400,108,108,8,0,264,TRUE,0,0,108,TRUE,TRUE,115000,0,10800
14013,0,1,0,200,44,44,0,0,162,TRUE,0,0,44,TRUE,TRUE,95000,,4400
14020,0,0,2,800,285,285,735,0,1448,TRUE,331.6,0,616,TRUE,TRUE,230000,0,28500
14024,0,1,0,200,64,64,8,0,118,TRUE,0,0,64,TRUE,TRUE,95000,0,6400
14025,1,0,0,100,50,50,114,6,127,TRUE,42,6,98,TRUE,TRUE,65000,2332.075472,5600
14026,1,0,0,100,44,44,0,0,33,TRUE,0,0,44,TRUE,TRUE,65000,,4400
14027,0,0,0,0,0,0,0,0,0,TRUE,0,0,0,TRUE,TRUE,0,,0
14028,1,0,0,100,30,30,0,0,57,TRUE,0,0,30,TRUE,TRUE,65000,,3000
14029,0,0,0,0,0,0,0,0,0,TRUE,0,0,0,TRUE,TRUE,0,,0
14030,0,0,1,400,146,146,0,0,144,TRUE,0,0,146,TRUE,TRUE,115000,,14600
14031,0,0,1,400,81,81,123,0,381,TRUE,39.8,0,120,TRUE,TRUE,115000,0,8100
14032,0,0,2,800,326,326,132,0,590,TRUE,33.6,0,359,TRUE,TRUE,230000,0,32600
14033,0,1,0,200,66,66,0,0,108,TRUE,0,0,66,TRUE,TRUE,95000,,6600
14034,1,0,0,100,46,46,0,0,85,TRUE,0,0,46,TRUE,TRUE,65000,,4600
14035,1,0,0,100,0,0,0,0,6,TRUE,0,0,0,TRUE,TRUE,65000,,0
14036,0,0,1,400,187,187,59,0,193,TRUE,6.6,0,193,TRUE,TRUE,115000,0,18700
14037,1,0,0,100,8,8,0,0,42,TRUE,0,0,8,TRUE,TRUE,65000,,800
14039,1,0,0,100,3,3,0,0,4,TRUE,0,0,3,TRUE,TRUE,65000,,300
14040,1,0,0,100,50,50,53,1,105,TRUE,40.4,1,91,TRUE,TRUE,65000,577.3584906,5100
14041,1,0,0,100,0,0,0,0,5,TRUE,0,0,0,TRUE,TRUE,65000,,0
14042,0,0,1,400,153,153,39,0,344,TRUE,23.4,0,176,TRUE,TRUE,115000,0,15300
14043,0,0,1,400,200,200,849,52,1123,TRUE,508.2,52,760,TRUE,TRUE,115000,19312.00383,25200
14047,1,0,0,100,50,50,178,26,215,TRUE,112,26,188,TRUE,TRUE,65000,19263.61885,7600
14048,0,0,1,400,200,200,496,77,904,TRUE,235.2,77,512,TRUE,TRUE,115000,65414.24242,27700
14051,0,1,2,1000,500,500,384,44,1015,TRUE,178.4,44,722,TRUE,TRUE,325000,18978.91348,54400
14052,0,0,1,400,200,200,329,52,680,TRUE,153,52,405,TRUE,TRUE,115000,39810.86431,25200
14054,1,0,0,100,44,44,0,0,95,TRUE,0,0,44,TRUE,TRUE,65000,,4400
14055,1,0,0,100,21,21,0,0,33,TRUE,0,0,21,TRUE,TRUE,65000,,2100
14056,1,0,0,100,0,0,0,0,12,TRUE,0,0,0,TRUE,TRUE,65000,,0
14057,0,0,1,400,193,193,107,0,350,TRUE,56,0,249,TRUE,TRUE,115000,0,19300
14058,0,0,1,400,172,172,40,0,210,TRUE,0,0,172,TRUE,TRUE,115000,0,17200
14059,0,1,1,600,300,300,339,30,555,TRUE,136,30,466,TRUE,TRUE,210000,13754.27477,33000
14060,1,0,0,100,2,2,0,0,14,TRUE,0,0,2,TRUE,TRUE,65000,,200
14061,1,0,0,100,0,0,0,0,2,TRUE,0,0,0,TRUE,TRUE,65000,,0
14062,0,0,1,400,121,121,0,0,250,TRUE,0,0,121,TRUE,TRUE,115000,,12100
14063,0,1,0,200,100,100,336,6,411,TRUE,188,6,294,TRUE,TRUE,95000,2476.595745,10600
14065,0,1,0,200,60,60,0,0,150,TRUE,0,0,60,TRUE,TRUE,95000,,6000
14067,0,1,0,200,94,94,72,0,251,TRUE,9.6,0,103,TRUE,TRUE,95000,0,9400
14069,1,0,0,100,41,41,0,0,47,TRUE,0,0,41,TRUE,TRUE,65000,,4100
14070,0,1,1,600,289,289,84,0,591,TRUE,24.8,0,313,TRUE,TRUE,210000,0,28900
14072,0,0,2,800,379,379,841,0,969,TRUE,418,0,797,TRUE,TRUE,230000,0,37900
14080,0,1,0,200,100,100,107,17,200,TRUE,53.8,17,170,TRUE,TRUE,95000,18653.49398,11700
14082,1,0,0,100,12,12,8,0,49,TRUE,0,0,12,TRUE,TRUE,65000,0,1200
14083,0,0,0,0,0,0,0,0,0,TRUE,0,0,0,TRUE,TRUE,0,,0
14085,0,0,1,400,159,159,211,0,488,TRUE,117.4,0,276,TRUE,TRUE,115000,0,15900
14086,0,0,4,1600,800,800,740,43,1606,TRUE,356,43,1199,TRUE,TRUE,460000,14893.23753,84300
14091,0,1,0,200,68,68,8,0,161,TRUE,0,0,68,TRUE,TRUE,95000,0,6800
14092,0,1,0,200,97,97,177,0,306,TRUE,116.8,0,213,TRUE,TRUE,95000,0,9700
14098,0,0,1,400,174,174,0,0,310,TRUE,0,0,174,TRUE,TRUE,115000,,17400
14101,0,1,0,200,52,52,0,0,124,TRUE,0,0,52,TRUE,TRUE,95000,,5200
14102,1,0,0,100,9,9,0,0,54,TRUE,0,0,9,TRUE,TRUE,65000,,900
14105,1,0,1,500,242,242,8,0,290,TRUE,0,0,242,TRUE,TRUE,180000,0,24200
14109,0,0,0,0,0,0,0,0,0,TRUE,0,0,0,TRUE,TRUE,0,,0
14111,0,1,0,200,78,78,16,0,145,TRUE,0,0,78,TRUE,TRUE,95000,0,7800
14112,0,0,0,0,0,0,0,0,0,TRUE,0,0,0,TRUE,TRUE,0,,0
14113,1,0,0,100,33,33,0,0,29,TRUE,0,0,33,TRUE,TRUE,65000,,3300
14120,0,0,6,2400,1200,1200,968,45,1933,TRUE,429.6,45,1674,TRUE,TRUE,690000,16532.45247,124500
14125,0,0,1,400,98,98,0,0,205,TRUE,0,0,98,TRUE,TRUE,115000,,9800
14126,1,0,0,100,0,0,0,0,11,TRUE,0,0,0,TRUE,TRUE,65000,,0
14127,0,0,2,800,400,400,1125,53,1538,TRUE,658.6,53,1111,TRUE,TRUE,230000,17598.00809,45300
14129,1,0,0,100,30,30,0,0,82,TRUE,0,0,30,TRUE,TRUE,65000,,3000
14130,1,0,0,100,0,0,0,0,7,TRUE,0,0,0,TRUE,TRUE,65000,,0
14132,0,0,1,400,96,96,101,0,359,TRUE,38.2,0,134,TRUE,TRUE,115000,0,9600
14134,1,0,0,100,4,4,0,0,6,TRUE,0,0,4,TRUE,TRUE,65000,,400
14135,1,0,0,100,0,0,0,0,4,TRUE,0,0,0,TRUE,TRUE,65000,,0
14136,0,0,1,400,156,156,16,0,301,TRUE,0,0,156,TRUE,TRUE,115000,0,15600
14138,1,0,0,100,38,38,66,0,142,TRUE,18.8,0,56,TRUE,TRUE,65000,0,3800
14139,0,1,0,200,90,90,0,0,163,TRUE,0,0,90,TRUE,TRUE,95000,,9000
14143,1,0,0,100,33,33,0,0,96,TRUE,0,0,33,TRUE,TRUE,65000,,3300
14145,0,1,0,200,71,71,32,0,77,TRUE,0,0,71,TRUE,TRUE,95000,0,7100
14166,0,0,0,0,0,0,0,0,0,TRUE,0,0,0,TRUE,TRUE,0,,0
14167,0,1,0,200,88,88,0,0,86,TRUE,0,0,88,TRUE,TRUE,95000,,8800
14168,0,0,0,0,0,0,0,0,0,TRUE,0,0,0,TRUE,TRUE,0,,0
14169,0,0,0,0,0,0,0,0,0,TRUE,0,0,0,TRUE,TRUE,0,,0
14170,0,1,0,200,54,54,0,0,128,TRUE,0,0,54,TRUE,TRUE,95000,,5400
14171,1,0,0,100,38,38,40,0,59,TRUE,12,0,50,TRUE,TRUE,65000,0,3800
14172,0,1,0,200,84,84,16,0,135,TRUE,0,0,84,TRUE,TRUE,95000,0,8400
14174,1,0,0,100,50,50,214,28,268,TRUE,112.8,28,190,TRUE,TRUE,65000,14621.77326,7800
14201,1,0,1,500,250,250,596,71,1079,TRUE,185.2,71,506,TRUE,TRUE,180000,33065.43841,32100
14204,0,0,1,400,200,200,410,52,522,TRUE,61.6,52,313,TRUE,TRUE,115000,38425.29029,25200
14206,0,0,3,1200,445,445,308,42,1550,TRUE,136,42,623,TRUE,TRUE,345000,33260.93638,48700
14207,0,0,5,2000,823,823,830,0,2720,TRUE,246.2,0,1069,TRUE,TRUE,575000,0,82300
14208,0,0,2,800,340,340,467,0,724,TRUE,128.8,0,468,TRUE,TRUE,230000,0,34000
14212,0,0,3,1200,540,540,290,0,1399,TRUE,178.6,0,718,TRUE,TRUE,345000,0,54000
14213,0,0,6,2400,1200,1200,478,22,2444,TRUE,136.4,22,1358,TRUE,TRUE,690000,8480.188627,122200
14216,0,1,4,1800,900,900,338,28,1012,TRUE,160.2,28,1088,TRUE,TRUE,555000,14141.61262,92800
14217,0,1,1,600,300,300,401,0,984,TRUE,277.6,0,577,TRUE,TRUE,210000,0,30000
14218,0,0,4,1600,800,800,636,18,1745,TRUE,280,18,1098,TRUE,TRUE,460000,5729.032258,81800
14219,0,0,1,400,166,166,179,0,532,TRUE,60.2,0,226,TRUE,TRUE,115000,0,16600
14221,0,0,5,2000,1000,1000,2314,170,2526,TRUE,906.6,170,2076,TRUE,TRUE,575000,63179.16608,117000
14222,1,0,2,900,450,450,201,10,521,TRUE,159.4,10,619,TRUE,TRUE,295000,3652.892562,46000
14223,0,0,3,1200,596,596,515,0,925,TRUE,223,0,819,TRUE,TRUE,345000,0,59600
14224,0,0,4,1600,800,800,763,46,1649,TRUE,456.8,46,1302,TRUE,TRUE,460000,16046.37242,84600
14226,0,0,3,1200,600,600,1002,30,1445,TRUE,361.8,30,991,TRUE,TRUE,345000,9500,63000
14227,0,0,2,800,400,400,421,41,1225,TRUE,265,41,706,TRUE,TRUE,230000,15168.62411,44100
14228,0,0,2,800,353,353,794,0,1136,TRUE,471.6,0,824,TRUE,TRUE,230000,0,35300
14261,0,0,0,0,0,0,0,0,0,TRUE,0,0,0,TRUE,TRUE,0,,0
14301,0,0,2,800,342,342,388,0,788,TRUE,102,0,444,TRUE,TRUE,230000,0,34200
14302,0,0,0,0,0,0,0,0,0,TRUE,0,0,0,TRUE,TRUE,0,,0
14303,0,1,1,600,300,300,111,12,700,TRUE,10,12,322,TRUE,TRUE,210000,10059.09091,31200
14411,1,0,1,500,115,115,140,0,574,TRUE,67.6,0,182,TRUE,TRUE,180000,0,11500
14413,0,0,0,0,0,0,0,0,0,TRUE,0,0,0,TRUE,TRUE,0,,0
14415,1,0,0,100,5,5,0,0,10,TRUE,0,0,5,TRUE,TRUE,65000,,500
14416,0,0,1,400,119,119,80,0,168,TRUE,28.8,0,147,TRUE,TRUE,115000,0,11900
14418,0,1,0,200,64,64,0,0,74,TRUE,0,0,64,TRUE,TRUE,95000,,6400
14420,0,0,1,400,200,200,636,76,816,TRUE,330,76,606,TRUE,TRUE,115000,35893.08509,27600
14422,0,1,0,200,94,94,0,0,155,TRUE,0,0,94,TRUE,TRUE,95000,,9400
14423,0,0,1,400,146,146,116,0,245,TRUE,38.4,0,184,TRUE,TRUE,115000,0,14600
14427,0,1,0,200,51,51,0,0,120,TRUE,0,0,51,TRUE,TRUE,95000,,5100
14428,0,0,2,800,374,374,76,0,327,TRUE,0,0,374,TRUE,TRUE,230000,0,37400
14432,1,0,0,100,50,50,329,31,363,TRUE,112.4,31,193,TRUE,TRUE,65000,14786.66667,8100
14433,1,0,1,500,242,242,69,0,465,TRUE,35,0,277,TRUE,TRUE,180000,0,24200
14435,1,0,0,100,50,50,0,0,91,TRUE,0,0,50,TRUE,TRUE,65000,,5000
14437,0,0,1,400,182,182,394,0,497,TRUE,20.8,0,202,TRUE,TRUE,115000,0,18200
14441,1,0,0,100,8,8,0,0,27,TRUE,0,0,8,TRUE,TRUE,65000,,800
14445,0,0,1,400,200,200,286,5,457,TRUE,0,5,205,TRUE,TRUE,115000,1381.679389,20500
14453,0,0,0,0,0,0,0,0,0,TRUE,0,0,0,TRUE,TRUE,0,,0
14454,0,0,1,400,200,200,191,17,367,TRUE,54.2,17,271,TRUE,TRUE,115000,7286.192017,21700
14462,1,0,0,100,44,44,0,0,63,TRUE,0,0,44,TRUE,TRUE,65000,,4400
14464,0,0,2,800,323,323,55,0,483,TRUE,21.6,0,344,TRUE,TRUE,230000,0,32300
14466,1,0,0,100,28,28,0,0,55,TRUE,0,0,28,TRUE,TRUE,65000,,2800
14467,0,1,1,600,281,281,159,0,490,TRUE,78.6,0,359,TRUE,TRUE,210000,0,28100
14468,0,1,2,1000,500,500,384,18,993,TRUE,162.8,18,680,TRUE,TRUE,325000,6779.347826,51800
14469,0,0,1,400,177,177,96,0,216,TRUE,0,0,177,TRUE,TRUE,115000,0,17700
14470,1,0,1,500,238,238,135,0,528,TRUE,60.8,0,298,TRUE,TRUE,180000,0,23800
14471,1,0,0,100,50,50,96,7,115,TRUE,0,7,57,TRUE,TRUE,65000,3150,5700
14472,0,0,2,800,374,374,8,0,522,TRUE,0,0,374,TRUE,TRUE,230000,0,37400
14475,1,0,0,100,0,0,0,0,8,TRUE,0,0,0,TRUE,TRUE,65000,,0
14476,0,1,0,200,99,99,116,0,154,TRUE,9.6,0,108,TRUE,TRUE,95000,0,9900
14477,1,0,0,100,49,49,0,0,44,TRUE,0,0,49,TRUE,TRUE,65000,,4900
14478,1,0,0,100,31,31,0,0,22,TRUE,0,0,31,TRUE,TRUE,65000,,3100
14479,0,0,0,0,0,0,0,0,0,TRUE,0,0,0,TRUE,TRUE,0,,0
14481,1,0,0,100,45,45,8,0,86,TRUE,0,0,45,TRUE,TRUE,65000,0,4500
14485,0,0,1,400,130,130,64,0,173,TRUE,12,0,142,TRUE,TRUE,115000,0,13000
14486,1,0,0,100,10,10,8,0,17,TRUE,0,0,10,TRUE,TRUE,65000,0,1000
14489,0,1,1,600,290,290,48,0,564,TRUE,33.6,0,323,TRUE,TRUE,210000,0,29000
14502,0,0,1,400,200,200,389,39,559,TRUE,210.6,39,449,TRUE,TRUE,115000,16265.66188,23900
14505,0,0,1,400,136,136,148,0,245,TRUE,0,0,136,TRUE,TRUE,115000,0,13600
14507,1,0,0,100,34,34,8,0,65,TRUE,0,0,34,TRUE,TRUE,65000,0,3400
14510,0,0,0,0,0,0,310,42,352,TRUE,184.8,0,179,TRUE,TRUE,0,21691.40883,0
14511,1,0,0,100,0,0,0,0,15,TRUE,0,0,0,TRUE,TRUE,65000,,0
14512,0,1,0,200,100,100,44,2,177,TRUE,0,2,102,TRUE,TRUE,95000,1309.090909,10200
14513,1,0,1,500,136,136,436,46,982,TRUE,268.8,46,450,TRUE,TRUE,180000,18615.75718,18200
14515,0,0,0,0,0,0,0,0,0,TRUE,0,0,0,TRUE,TRUE,0,,0
14516,0,0,1,400,128,128,0,0,155,TRUE,0,0,128,TRUE,TRUE,115000,,12800
14517,0,1,0,200,79,79,16,0,198,TRUE,0,0,79,TRUE,TRUE,95000,0,7900
14519,0,1,1,600,300,300,310,17,639,TRUE,117.2,17,434,TRUE,TRUE,210000,6885.257427,31700
14521,0,0,1,400,141,141,8,0,265,TRUE,0,0,141,TRUE,TRUE,115000,0,14100
14522,0,1,1,600,271,271,41,0,424,TRUE,19.8,0,290,TRUE,TRUE,210000,0,27100
14525,0,1,0,200,99,99,91,0,131,TRUE,0,0,99,TRUE,TRUE,95000,0,9900
14526,0,0,3,1200,600,600,779,99,1081,TRUE,165.2,99,864,TRUE,TRUE,345000,52324.89972,69900
14527,0,0,2,800,400,400,336,15,695,TRUE,142.6,15,557,TRUE,TRUE,230000,4570.680628,41500
14529,0,0,0,0,0,0,0,0,0,TRUE,0,0,0,TRUE,TRUE,0,,0
14530,0,0,1,400,178,178,151,0,519,TRUE,30.6,0,208,TRUE,TRUE,115000,0,17800
14533,0,1,0,200,90,90,0,0,97,TRUE,0,0,90,TRUE,TRUE,95000,,9000
14534,0,0,5,2000,989,989,1133,0,1901,TRUE,312.6,0,1301,TRUE,TRUE,575000,0,98900
14536,1,0,0,100,20,20,20,0,36,TRUE,0,0,20,TRUE,TRUE,65000,0,2000
14537,0,0,0,0,0,0,0,0,0,TRUE,0,0,0,TRUE,TRUE,0,,0
14541,0,0,1,400,131,131,8,0,192,TRUE,0,0,131,TRUE,TRUE,115000,0,13100
14542,0,0,0,0,0,0,0,0,0,TRUE,0,0,0,TRUE,TRUE,0,,0
14546,1,0,1,500,242,242,69,0,213,TRUE,0,0,242,TRUE,TRUE,180000,0,24200
14548,0,0,1,400,76,76,0,0,218,TRUE,0,0,76,TRUE,TRUE,115000,,7600
14549,1,0,0,100,41,41,0,0,21,TRUE,0,0,41,TRUE,TRUE,65000,,4100
14550,0,1,0,200,29,29,8,0,114,TRUE,0,0,29,TRUE,TRUE,95000,0,2900
14551,0,1,0,200,88,88,46,0,235,TRUE,22.8,0,110,TRUE,TRUE,95000,0,8800
14555,1,0,0,100,47,47,0,0,44,TRUE,0,0,47,TRUE,TRUE,65000,,4700
14556,0,0,0,0,0,0,0,0,0,TRUE,0,0,0,TRUE,TRUE,0,,0
14557,1,0,0,100,4,4,0,0,4,TRUE,0,0,4,TRUE,TRUE,65000,,400
14560,1,0,0,100,42,42,16,0,84,TRUE,0,0,42,TRUE,TRUE,65000,0,4200
14561,1,0,0,100,38,38,0,0,88,TRUE,0,0,38,TRUE,TRUE,65000,,3800
14568,0,0,1,400,142,142,117,0,263,TRUE,0,0,142,TRUE,TRUE,115000,0,14200
14571,1,0,0,100,27,27,0,0,31,TRUE,0,0,27,TRUE,TRUE,65000,,2700
14572,0,0,1,400,72,72,138,0,446,TRUE,45.4,0,117,TRUE,TRUE,115000,0,7200
14585,0,0,0,0,0,0,0,0,0,TRUE,0,0,0,TRUE,TRUE,0,,0
14588,0,0,0,0,0,0,0,0,0,TRUE,0,0,0,TRUE,TRUE,0,,0
14590,0,0,1,400,48,48,46,0,295,TRUE,27.6,0,75,TRUE,TRUE,115000,0,4800
14591,0,1,0,200,66,66,72,0,103,TRUE,0,0,66,TRUE,TRUE,95000,0,6600
14592,0,0,0,0,0,0,0,0,0,TRUE,0,0,0,TRUE,TRUE,0,,0
14607,1,0,0,100,50,50,234,14,266,TRUE,126.8,14,190,TRUE,TRUE,65000,6299.245852,6400
14608,0,0,1,400,200,200,764,14,989,TRUE,270.4,14,484,TRUE,TRUE,115000,3775.609756,21400
14610,0,0,2,800,357,357,237,0,493,TRUE,63.4,0,420,TRUE,TRUE,230000,0,35700
14615,0,0,5,2000,946,946,465,0,1551,TRUE,127,0,1073,TRUE,TRUE,575000,0,94600
14616,0,0,5,2000,802,802,428,0,2369,TRUE,164.4,0,966,TRUE,TRUE,575000,0,80200
14617,0,0,2,800,383,383,670,0,1067,TRUE,245.6,0,628,TRUE,TRUE,230000,0,38300
14620,1,0,0,100,0,0,676,31,807,TRUE,415,0,357,TRUE,TRUE,65000,9766.108007,0
14622,0,0,2,800,400,400,211,35,570,TRUE,24,35,459,TRUE,TRUE,230000,54347.23112,43500
14626,0,0,3,1200,600,600,620,84,1151,TRUE,301.8,84,985,TRUE,TRUE,345000,67431.79616,68400
14627,0,0,0,0,0,0,0,0,0,TRUE,0,0,0,TRUE,TRUE,0,,0
14642,0,0,0,0,0,0,0,0,0,TRUE,0,0,0,TRUE,TRUE,0,,0
14706,0,0,1,400,188,188,76,0,300,TRUE,4.8,0,192,TRUE,TRUE,115000,0,18800
14707,1,0,0,100,5,5,0,0,7,TRUE,0,0,5,TRUE,TRUE,65000,,500
14708,1,0,0,100,6,6,0,0,7,TRUE,0,0,6,TRUE,TRUE,65000,,600
14709,1,0,0,100,38,38,0,0,80,TRUE,0,0,38,TRUE,TRUE,65000,,3800
14710,0,1,0,200,71,71,0,0,174,TRUE,0,0,71,TRUE,TRUE,95000,,7100
14711,0,1,0,200,77,77,0,0,190,TRUE,0,0,77,TRUE,TRUE,95000,,7700
14712,1,0,0,100,50,50,56,9,73,TRUE,0,9,59,TRUE,TRUE,65000,8254.285714,5900
14714,1,0,0,100,43,43,0,0,61,TRUE,0,0,43,TRUE,TRUE,65000,,4300
14715,0,1,0,200,70,70,45,0,160,TRUE,18.2,0,88,TRUE,TRUE,95000,0,7000
14718,0,1,0,200,60,60,7,0,86,TRUE,0,0,60,TRUE,TRUE,95000,0,6000
14719,0,0,1,400,109,109,16,0,246,TRUE,0,0,109,TRUE,TRUE,115000,0,10900
14720,1,0,0,100,23,23,0,0,45,TRUE,0,0,23,TRUE,TRUE,65000,,2300
14721,1,0,0,100,0,0,0,0,7,TRUE,0,0,0,TRUE,TRUE,65000,,0
14722,0,0,0,0,0,0,0,0,0,TRUE,0,0,0,TRUE,TRUE,0,,0
14723,1,0,0,100,46,46,0,0,83,TRUE,0,0,46,TRUE,TRUE,65000,,4600
14724,0,0,1,400,158,158,0,0,395,TRUE,0,0,158,TRUE,TRUE,115000,,15800
14726,0,1,1,600,289,289,0,0,522,TRUE,0,0,289,TRUE,TRUE,210000,,28900
14728,1,0,0,100,17,17,0,0,53,TRUE,0,0,17,TRUE,TRUE,65000,,1700
14729,1,0,0,100,26,26,0,0,39,TRUE,0,0,26,TRUE,TRUE,65000,,2600
14732,1,0,0,100,0,0,0,0,2,TRUE,0,0,0,TRUE,TRUE,65000,,0
14735,0,0,1,400,105,105,0,0,267,TRUE,0,0,105,TRUE,TRUE,115000,,10500
14736,1,0,0,100,6,6,0,0,6,TRUE,0,0,6,TRUE,TRUE,65000,,600
14737,0,0,1,400,143,143,182,0,364,TRUE,12,0,155,TRUE,TRUE,115000,0,14300
14738,0,1,0,200,96,96,75,0,246,TRUE,0,0,96,TRUE,TRUE,95000,0,9600
14739,1,0,0,100,50,50,129,24,213,TRUE,42.2,24,116,TRUE,TRUE,65000,28025.30612,7400
14740,1,0,0,100,24,24,0,0,41,TRUE,0,0,24,TRUE,TRUE,65000,,2400
14742,0,0,0,0,0,0,0,0,0,TRUE,0,0,0,TRUE,TRUE,0,,0
14744,1,0,0,100,44,44,0,0,96,TRUE,0,0,44,TRUE,TRUE,65000,,4400
14747,0,0,1,400,104,104,15,0,177,TRUE,0,0,104,TRUE,TRUE,115000,0,10400
14748,1,0,0,100,11,11,0,0,29,TRUE,0,0,11,TRUE,TRUE,65000,,1100
14752,1,0,0,100,0,0,0,0,30,TRUE,0,0,0,TRUE,TRUE,65000,,0
14753,1,0,0,100,27,27,0,0,60,TRUE,0,0,27,TRUE,TRUE,65000,,2700
14754,1,0,0,100,31,31,0,0,40,TRUE,0,0,31,TRUE,TRUE,65000,,3100
14755,0,0,1,400,86,86,0,0,209,TRUE,0,0,86,TRUE,TRUE,115000,,8600
14756,0,0,0,0,0,0,0,0,0,TRUE,0,0,0,TRUE,TRUE,0,,0
14767,0,1,0,200,68,68,16,0,211,TRUE,0,0,68,TRUE,TRUE,95000,0,6800
14769,1,0,0,100,40,40,16,0,70,TRUE,0,0,40,TRUE,TRUE,65000,0,4000
14770,0,1,0,200,83,83,70,0,234,TRUE,9,0,92,TRUE,TRUE,95000,0,8300
14772,0,0,1,400,152,152,108,0,322,TRUE,19.2,0,171,TRUE,TRUE,115000,0,15200
14775,0,0,1,400,88,88,0,0,231,TRUE,0,0,88,TRUE,TRUE,115000,,8800
14777,1,0,0,100,14,14,0,0,43,TRUE,0,0,14,TRUE,TRUE,65000,,1400
14778,1,0,0,100,2,2,0,0,2,TRUE,0,0,2,TRUE,TRUE,65000,,200
14779,0,0,1,400,128,128,335,0,624,TRUE,126.2,0,254,TRUE,TRUE,115000,0,12800
14781,0,0,1,400,116,116,0,0,163,TRUE,0,0,116,TRUE,TRUE,115000,,11600
14782,1,0,0,100,23,23,36,0,116,TRUE,21.6,0,44,TRUE,TRUE,65000,0,2300
14783,1,0,0,100,0,0,0,0,3,TRUE,0,0,0,TRUE,TRUE,65000,,0
14784,1,0,0,100,18,18,0,0,52,TRUE,0,0,18,TRUE,TRUE,65000,,1800
14785,0,0,0,0,0,0,0,0,0,TRUE,0,0,0,TRUE,TRUE,0,,0
14787,0,0,1,400,129,129,53,0,395,TRUE,0,0,129,TRUE,TRUE,115000,0,12900
14788,1,0,0,100,0,0,0,0,1,TRUE,0,0,0,TRUE,TRUE,65000,,0
14801,0,1,1,600,299,299,136,0,544,TRUE,0,0,299,TRUE,TRUE,210000,0,29900
14803,0,1,0,200,74,74,24,0,110,TRUE,0,0,74,TRUE,TRUE,95000,0,7400
14804,1,0,0,100,29,29,28,0,73,TRUE,0,0,29,TRUE,TRUE,65000,0,2900
14806,0,1,0,200,85,85,16,0,166,TRUE,0,0,85,TRUE,TRUE,95000,0,8500
14807,0,0,1,400,148,148,76,0,170,TRUE,0,0,148,TRUE,TRUE,115000,0,14800
14808,1,0,0,100,7,7,0,0,22,TRUE,0,0,7,TRUE,TRUE,65000,,700
14809,0,0,1,400,154,154,60,0,332,TRUE,0,0,154,TRUE,TRUE,115000,0,15400
14812,0,1,0,200,63,63,0,0,172,TRUE,0,0,63,TRUE,TRUE,95000,,6300
14813,0,1,0,200,97,97,8,0,186,TRUE,0,0,97,TRUE,TRUE,95000,0,9700
14814,1,0,0,100,50,50,139,18,152,TRUE,34.2,18,102,TRUE,TRUE,65000,13120.62112,6800
14815,1,0,0,100,20,20,0,0,49,TRUE,0,0,20,TRUE,TRUE,65000,,2000
14816,1,0,0,100,17,17,0,0,42,TRUE,0,0,17,TRUE,TRUE,65000,,1700
14818,1,0,0,100,16,16,0,0,42,TRUE,0,0,16,TRUE,TRUE,65000,,1600
14819,1,0,0,100,32,32,0,0,93,TRUE,0,0,32,TRUE,TRUE,65000,,3200
14820,1,0,0,100,37,37,0,0,61,TRUE,0,0,37,TRUE,TRUE,65000,,3700
14821,0,1,0,200,90,90,24,0,140,TRUE,0,0,90,TRUE,TRUE,95000,0,9000
14822,1,0,0,100,45,45,0,0,73,TRUE,0,0,45,TRUE,TRUE,65000,,4500
14823,0,0,1,400,116,116,52,0,240,TRUE,0,0,116,TRUE,TRUE,115000,0,11600
14824,1,0,0,100,39,39,0,0,78,TRUE,0,0,39,TRUE,TRUE,65000,,3900
14825,1,0,0,100,10,10,0,0,43,TRUE,0,0,10,TRUE,TRUE,65000,,1000
14826,0,1,0,200,78,78,16,0,153,TRUE,0,0,78,TRUE,TRUE,95000,0,7800
14827,0,0,0,0,0,0,0,0,0,TRUE,0,0,0,TRUE,TRUE,0,,0
14836,1,0,0,100,13,13,0,0,23,TRUE,0,0,13,TRUE,TRUE,65000,,1300
14837,1,0,1,500,237,237,31,0,511,TRUE,0,0,237,TRUE,TRUE,180000,0,23700
14838,0,1,0,200,70,70,16,0,107,TRUE,0,0,70,TRUE,TRUE,95000,0,7000
14839,1,0,0,100,5,5,0,0,18,TRUE,0,0,5,TRUE,TRUE,65000,,500
14840,1,0,0,100,50,50,75,5,76,TRUE,0,5,55,TRUE,TRUE,65000,3522.222222,5500
14841,1,0,0,100,17,17,0,0,49,TRUE,0,0,17,TRUE,TRUE,65000,,1700
14842,0,0,1,400,128,128,0,0,87,TRUE,0,0,128,TRUE,TRUE,115000,,12800
14846,1,0,0,100,25,25,0,0,91,TRUE,0,0,25,TRUE,TRUE,65000,,2500
14853,0,0,0,0,0,0,0,0,0,TRUE,0,0,0,TRUE,TRUE,0,,0
14854,0,0,0,0,0,0,0,0,0,TRUE,0,0,0,TRUE,TRUE,0,,0
14855,0,1,0,200,64,64,0,0,119,TRUE,0,0,64,TRUE,TRUE,95000,,6400
14856,0,0,0,0,0,0,0,0,0,TRUE,0,0,0,TRUE,TRUE,0,,0
14859,1,0,0,100,48,48,0,0,80,TRUE,0,0,48,TRUE,TRUE,65000,,4800
14860,0,1,0,200,68,68,0,0,96,TRUE,0,0,68,TRUE,TRUE,95000,,6800
14861,1,0,0,100,16,16,0,0,63,TRUE,0,0,16,TRUE,TRUE,65000,,1600
14864,1,0,0,100,42,42,0,0,95,TRUE,0,0,42,TRUE,TRUE,65000,,4200
14865,1,0,0,100,27,27,95,0,120,TRUE,57,0,84,TRUE,TRUE,65000,0,2700
14867,0,0,1,400,172,172,26,0,364,TRUE,0,0,172,TRUE,TRUE,115000,0,17200
14871,1,0,1,500,220,220,60,0,232,TRUE,0,0,220,TRUE,TRUE,180000,0,22000
14872,1,0,0,100,12,12,0,0,58,TRUE,0,0,12,TRUE,TRUE,65000,,1200
14873,1,0,0,100,50,50,91,5,158,TRUE,21,5,76,TRUE,TRUE,65000,3740.740741,5500
14874,1,0,0,100,7,7,0,0,23,TRUE,0,0,7,TRUE,TRUE,65000,,700
14877,1,0,0,100,28,28,0,0,56,TRUE,0,0,28,TRUE,TRUE,65000,,2800
14878,1,0,0,100,38,38,0,0,94,TRUE,0,0,38,TRUE,TRUE,65000,,3800
14882,0,0,1,400,172,172,16,0,268,TRUE,0,0,172,TRUE,TRUE,115000,0,17200
14883,1,0,1,500,219,219,32,0,356,TRUE,0,0,219,TRUE,TRUE,180000,0,21900
14884,1,0,0,100,0,0,30,0,41,TRUE,25.2,0,22,TRUE,TRUE,65000,0,0
14885,1,0,0,100,0,0,39,0,56,TRUE,23.4,0,10,TRUE,TRUE,65000,0,0
14886,0,1,0,200,77,77,116,0,282,TRUE,57.6,0,134,TRUE,TRUE,95000,0,7700
14889,1,0,0,100,50,50,60,8,118,TRUE,0,8,58,TRUE,TRUE,65000,8027.272727,5800
14891,0,0,1,400,161,161,157,0,300,TRUE,49.2,0,210,TRUE,TRUE,115000,0,16100
14892,0,0,1,400,149,149,52,0,433,TRUE,9.6,0,158,TRUE,TRUE,115000,0,14900
14893,1,0,0,100,0,0,0,0,6,TRUE,0,0,0,TRUE,TRUE,65000,,0
14894,0,1,0,200,57,57,0,0,105,TRUE,0,0,57,TRUE,TRUE,95000,,5700
14897,1,0,0,100,22,22,16,0,82,TRUE,12.8,0,34,TRUE,TRUE,65000,0,2200
14898,0,1,0,200,87,87,0,0,125,TRUE,0,0,87,TRUE,TRUE,95000,,8700